playerID,playerPositionIDN,actionIDNaziv,bindedActionIDN,actionOptionIDN,targetPlayerID,targetPositionIDN,actionPosX1,actionPosX2,actionPosY1,actionPosY2,goalZone,distance,start_sector,end_sector,playerName
11500,RCF,UDARAC,UDARAC U OKVIR,DESNA NOGA,0,0,1054,1101,457.32,454.32,Label43,3.78,12,12,Raffael
11500,RCF,UDARAC,UDARAC U OKVIR,ZONA,0,0,1054,1101,457.32,454.32,Label43,3.78,12,12,Raffael
16894,LW,UDARAC,UDARAC U OKVIR,LIJEVA NOGA,0,0,1119,1270,233.32,382.32,Label37,17.61,8,8,F. Johnson
16894,LW,UDARAC,UDARAC U OKVIR,PO ZEMLJI,0,0,1119,1270,233.32,382.32,Label37,17.61,8,8,F. Johnson
39479,LCF,UDARAC,UDARAC U OKVIR,ZONA,0,0,1025,1260,236.32,431.32,Label28,25.21,7,8,L. Stindl
39479,LCF,UDARAC,UDARAC U OKVIR,LIJEVA NOGA,0,0,1025,1260,236.32,431.32,Label28,25.21,7,8,L. Stindl
39479,LCF,UDARAC,UDARAC U OKVIR,PO ZRAKU,0,0,1025,1260,236.32,431.32,Label28,25.21,7,8,L. Stindl
39479,LCF,UDARAC,UDARAC IZVAN OKVIRA,GLAVOM,0,0,126,61,473.32,488.32,Label59,5.37,9,9,L. Stindl
16894,LW,UDARAC,UDARAC U OKVIR,LIJEVA NOGA,0,0,161,65,494.32,391.32,Label25,11.72,9,5,F. Johnson
16894,LW,UDARAC,UDARAC U OKVIR,PO ZRAKU,0,0,161,65,494.32,391.32,Label25,11.72,9,5,F. Johnson
4610,LB,UDARAC,UDARAC U OKVIR,DESNA NOGA,0,0,360,73,568.32,458.32,Label26,24.91,10,9,O. Wendt
4610,LB,UDARAC,UDARAC U OKVIR,ZONA,0,0,360,73,568.32,458.32,Label26,24.91,10,9,O. Wendt
4610,LB,UDARAC,UDARAC U OKVIR,PO ZRAKU,0,0,360,73,568.32,458.32,Label26,24.91,10,9,O. Wendt
156709,RES,UDARAC,UDARAC U OKVIR,PO ZRAKU,0,0,172,79,392.32,411.32,Label35,7.64,5,5,T. Hazard
156709,RES,UDARAC,UDARAC U OKVIR,DESNA NOGA,0,0,172,79,392.32,411.32,Label35,7.64,5,5,T. Hazard
156709,RES,UDARAC,UDARAC IZVAN OKVIRA,DESNA NOGA,0,0,104,66,350.32,360.32,Label51,3.17,5,5,T. Hazard
156709,RES,UDARAC,UDARAC IZVAN OKVIRA,LOS,0,0,104,66,350.32,360.32,Label51,3.17,5,5,T. Hazard
11500,LCF,UDARAC,UDARAC U OKVIR,PO ZRAKU,0,0,1176,1267,358.32,392.32,Label21,7.87,8,8,Raffael
11500,LCF,UDARAC,UDARAC U OKVIR,GLAVOM,0,0,1176,1267,358.32,392.32,Label21,7.87,8,8,Raffael
16491,RW,UDARAC,UDARAC U OKVIR,PO ZEMLJI,0,0,1159,1295,543.32,434.32,Label46,14.37,12,8,I. Traore
16491,RW,UDARAC,UDARAC U OKVIR,LIJEVA NOGA,0,0,1159,1295,543.32,434.32,Label46,14.37,12,8,I. Traore
16491,RW,UDARAC,UDARAC U OKVIR,ODLICAN,0,0,1159,1295,543.32,434.32,Label46,14.37,12,8,I. Traore
11500,LCF,UDARAC,UDARAC IZVAN OKVIRA,PO ZRAKU,0,0,983,1237,316.32,355.32,Label68,20.68,7,8,Raffael
11500,LCF,UDARAC,UDARAC IZVAN OKVIRA,DESNA NOGA,0,0,983,1237,316.32,355.32,Label68,20.68,7,8,Raffael
11500,LCF,UDARAC,UDARAC IZVAN OKVIRA,ZONA,0,0,983,1237,316.32,355.32,Label68,20.68,7,8,Raffael
205485,RCM,UDARAC,UDARAC U OKVIR,PO ZEMLJI,0,0,314,91,493.32,451.32,Label42,18.27,9,9,M. Dahoud
205485,RCM,UDARAC,UDARAC U OKVIR,LOS,0,0,314,91,493.32,451.32,Label42,18.27,9,9,M. Dahoud
205485,RCM,UDARAC,UDARAC U OKVIR,LIJEVA NOGA,0,0,314,91,493.32,451.32,Label42,18.27,9,9,M. Dahoud
205485,RCM,UDARAC,UDARAC U OKVIR,ZONA,0,0,314,91,493.32,451.32,Label42,18.27,9,9,M. Dahoud
39479,RCF,UDARAC,UDARAC IZVAN OKVIRA,PO ZRAKU,0,0,129,64,434.32,473.32,Label56,6.2,5,9,L. Stindl
39479,RCF,UDARAC,UDARAC IZVAN OKVIRA,GLAVOM,0,0,129,64,434.32,473.32,Label56,6.2,5,9,L. Stindl
16087,LCM,UDARAC,UDARAC IZVAN OKVIRA,PO ZRAKU,0,0,254,77,214.32,369.32,Label51,19.46,1,5,H. Nordtveit
16087,LCM,UDARAC,UDARAC IZVAN OKVIRA,DESNA NOGA,0,0,254,77,214.32,369.32,Label51,19.46,1,5,H. Nordtveit
16087,LCM,UDARAC,UDARAC IZVAN OKVIRA,ZONA,0,0,254,77,214.32,369.32,Label51,19.46,1,5,H. Nordtveit
11500,LCF,UDARAC,UDARAC IZVAN OKVIRA,PO ZEMLJI,0,0,307,101,316.32,355.32,Label96,16.88,5,5,Raffael
11500,LCF,UDARAC,UDARAC IZVAN OKVIRA,LIJEVA NOGA,0,0,307,101,316.32,355.32,Label96,16.88,5,5,Raffael
11500,LCF,UDARAC,UDARAC IZVAN OKVIRA,ZONA,0,0,307,101,316.32,355.32,Label96,16.88,5,5,Raffael
16491,RW,UDARAC,UDARAC U OKVIR,PO ZRAKU,0,0,275,91,561.32,476.32,Label4,16.48,9,9,I. Traore
16491,RW,UDARAC,UDARAC U OKVIR,LIJEVA NOGA,0,0,275,91,561.32,476.32,Label4,16.48,9,9,I. Traore
16491,RW,UDARAC,UDARAC U OKVIR,ZONA,0,0,275,91,561.32,476.32,Label4,16.48,9,9,I. Traore
11500,LCF,UDARAC,UDARAC U OKVIR,PO ZRAKU,0,0,172,85,487.32,446.32,Label20,7.82,9,5,Raffael
11500,LCF,UDARAC,UDARAC U OKVIR,GLAVOM,0,0,172,85,487.32,446.32,Label20,7.82,9,5,Raffael
205485,RCM,UDARAC,UDARAC U OKVIR,PO ZRAKU,0,0,355,80,301.32,404.32,Label106,23.79,6,5,M. Dahoud
205485,RCM,UDARAC,UDARAC U OKVIR,DESNA NOGA,0,0,355,80,301.32,404.32,Label106,23.79,6,5,M. Dahoud
205485,RCM,UDARAC,UDARAC U OKVIR,ZONA,0,0,355,80,301.32,404.32,Label106,23.79,6,5,M. Dahoud
11500,LCF,UDARAC,UDARAC U OKVIR,PO ZRAKU,0,0,130,50,387.32,415.32,Label106,6.86,5,5,Raffael
11500,LCF,UDARAC,UDARAC U OKVIR,DESNA NOGA,0,0,130,50,387.32,415.32,Label106,6.86,5,5,Raffael
11500,LCF,UDARAC,UDARAC U OKVIR,ODLICAN,0,0,130,50,387.32,415.32,Label106,6.86,5,5,Raffael
4610,LB,UDARAC,UDARAC U OKVIR,PO ZRAKU,0,0,92,79,571.32,484.32,Label15,7.52,9,9,O. Wendt
4610,LB,UDARAC,UDARAC U OKVIR,LIJEVA NOGA,0,0,92,79,571.32,484.32,Label15,7.52,9,9,O. Wendt
16894,LW,UDARAC,UDARAC U OKVIR,PO ZRAKU,0,0,162,85,243.32,359.32,Label23,11.71,5,5,F. Johnson
16894,LW,UDARAC,UDARAC U OKVIR,DESNA NOGA,0,0,162,85,243.32,359.32,Label23,11.71,5,5,F. Johnson
115078,LCB,UDARAC,UDARAC IZVAN OKVIRA,PO ZRAKU,0,0,241,72,302.32,391.32,Label66,15.57,5,5,J. Drmic
115078,LCB,UDARAC,UDARAC IZVAN OKVIRA,DESNA NOGA,0,0,241,72,302.32,391.32,Label66,15.57,5,5,J. Drmic
11500,LCF,UDARAC,UDARAC U OKVIR,DESNA NOGA,0,0,912,1261,323.32,425.32,Label41,29.37,7,8,Raffael
11500,LCF,UDARAC,UDARAC U OKVIR,PO ZRAKU,0,0,912,1261,323.32,425.32,Label41,29.37,7,8,Raffael
11500,LCF,UDARAC,UDARAC U OKVIR,ODLICAN,0,0,912,1261,323.32,425.32,Label41,29.37,7,8,Raffael
16491,RW,UDARAC,UDARAC U OKVIR,LIJEVA NOGA,0,0,1057,1266,240.32,403.32,Label16,21.84,8,8,I. Traore
16491,RW,UDARAC,UDARAC U OKVIR,ODLICAN,0,0,1057,1266,240.32,403.32,Label16,21.84,8,8,I. Traore
16491,RW,UDARAC,UDARAC U OKVIR,PO ZRAKU,0,0,1057,1266,240.32,403.32,Label16,21.84,8,8,I. Traore
16894,LW,UDARAC,UDARAC U OKVIR,LIJEVA NOGA,0,0,1137,1270,222.32,431.32,Label45,20.86,4,8,F. Johnson
16894,LW,UDARAC,UDARAC U OKVIR,PO ZEMLJI,0,0,1137,1270,222.32,431.32,Label45,20.86,4,8,F. Johnson
16894,LW,UDARAC,UDARAC U OKVIR,ODLICAN,0,0,1137,1270,222.32,431.32,Label45,20.86,4,8,F. Johnson
16491,RW,UDARAC,UDARAC IZVAN OKVIRA,LIJEVA NOGA,0,0,1028,1278,569.32,329.32,Label59,28.75,11,8,I. Traore
16491,RW,UDARAC,UDARAC IZVAN OKVIRA,PO ZRAKU,0,0,1028,1278,569.32,329.32,Label59,28.75,11,8,I. Traore
16491,RW,UDARAC,UDARAC IZVAN OKVIRA,LOS,0,0,1028,1278,569.32,329.32,Label59,28.75,11,8,I. Traore
39479,RCF,UDARAC,UDARAC IZVAN OKVIRA,LIJEVA NOGA,0,0,1185,1282,336.32,503.32,Label92,16.29,8,12,L. Stindl
39479,RCF,UDARAC,UDARAC IZVAN OKVIRA,ATRAKTIVAN,0,0,1185,1282,336.32,503.32,Label92,16.29,8,12,L. Stindl
39479,RCF,UDARAC,UDARAC IZVAN OKVIRA,LOS,0,0,1185,1282,336.32,503.32,Label92,16.29,8,12,L. Stindl
39479,RCF,UDARAC,UDARAC IZVAN OKVIRA,PO ZRAKU,0,0,1185,1282,336.32,503.32,Label92,16.29,8,12,L. Stindl
102647,LCM,UDARAC,UDARAC U OKVIR,LIJEVA NOGA,0,0,965,1262,311.32,417.32,Label29,25.53,7,8,G. Xhaka
102647,LCM,UDARAC,UDARAC U OKVIR,PO ZRAKU,0,0,965,1262,311.32,417.32,Label29,25.53,7,8,G. Xhaka
102647,LCM,UDARAC,UDARAC U OKVIR,ODLICAN,0,0,965,1262,311.32,417.32,Label29,25.53,7,8,G. Xhaka
11500,LCF,UDARAC,UDARAC U OKVIR,DESNA NOGA,0,0,975,1263,426.32,435.32,Label46,23.15,7,8,Raffael
11500,LCF,UDARAC,UDARAC U OKVIR,PO ZEMLJI,0,0,975,1263,426.32,435.32,Label46,23.15,7,8,Raffael
11500,LCF,UDARAC,UDARAC U OKVIR,ODLICAN,0,0,975,1263,426.32,435.32,Label46,23.15,7,8,Raffael
39479,RCF,UDARAC,UDARAC U OKVIR,DESNA NOGA,0,0,1100,1267,329.32,439.32,Label45,16.4,8,8,L. Stindl
39479,RCF,UDARAC,UDARAC U OKVIR,PO ZEMLJI,0,0,1100,1267,329.32,439.32,Label45,16.4,8,8,L. Stindl
39479,RCF,UDARAC,UDARAC U OKVIR,ODLICAN,0,0,1100,1267,329.32,439.32,Label45,16.4,8,8,L. Stindl
102647,LCM,UDARAC,UDARAC IZVAN OKVIRA,LIJEVA NOGA,0,0,1039,1241,205.32,466.32,Label97,27.63,3,12,G. Xhaka
102647,LCM,UDARAC,UDARAC IZVAN OKVIRA,PO ZEMLJI,0,0,1039,1241,205.32,466.32,Label97,27.63,3,12,G. Xhaka
102647,LCM,UDARAC,UDARAC IZVAN OKVIRA,ODLICAN,0,0,1039,1241,205.32,466.32,Label97,27.63,3,12,G. Xhaka
39479,RCF,UDARAC,UDARAC U OKVIR,DESNA NOGA,0,0,1253,1295,467.32,443.32,Label2,3.95,12,8,L. Stindl
39479,RCF,UDARAC,UDARAC U OKVIR,PO ZRAKU,0,0,1253,1295,467.32,443.32,Label2,3.95,12,8,L. Stindl
39479,RCF,UDARAC,UDARAC U OKVIR,ODLICAN,0,0,1253,1295,467.32,443.32,Label2,3.95,12,8,L. Stindl
205485,RCM,UDARAC,UDARAC IZVAN OKVIRA,DESNA NOGA,0,0,937,1267,324.32,437.32,Label66,28.23,7,8,M. Dahoud
205485,RCM,UDARAC,UDARAC IZVAN OKVIRA,PO ZRAKU,0,0,937,1267,324.32,437.32,Label66,28.23,7,8,M. Dahoud
205485,RCM,UDARAC,UDARAC IZVAN OKVIRA,ODLICAN,0,0,937,1267,324.32,437.32,Label66,28.23,7,8,M. Dahoud
11500,LCF,UDARAC,UDARAC IZVAN OKVIRA,LIJEVA NOGA,0,0,1031,1274,514.32,220.32,Label64,31.88,11,4,Raffael
11500,LCF,UDARAC,UDARAC IZVAN OKVIRA,PO ZRAKU,0,0,1031,1274,514.32,220.32,Label64,31.88,11,4,Raffael
11500,LCF,UDARAC,UDARAC IZVAN OKVIRA,LOS,0,0,1031,1274,514.32,220.32,Label64,31.88,11,4,Raffael
39479,RCF,UDARAC,UDARAC U OKVIR,DESNA NOGA,0,0,942,1272,362.32,402.32,Label103,26.73,7,8,L. Stindl
39479,RCF,UDARAC,UDARAC U OKVIR,PO ZRAKU,0,0,942,1272,362.32,402.32,Label103,26.73,7,8,L. Stindl
39479,RCF,UDARAC,UDARAC U OKVIR,ODLICAN,0,0,942,1272,362.32,402.32,Label103,26.73,7,8,L. Stindl
126631,RB,UDARAC,UDARAC IZVAN OKVIRA,LIJEVA NOGA,0,0,1049,1268,413.32,341.32,Label68,18.64,7,8,J. Korb
126631,RB,UDARAC,UDARAC IZVAN OKVIRA,PO ZRAKU,0,0,1049,1268,413.32,341.32,Label68,18.64,7,8,J. Korb
126631,RB,UDARAC,UDARAC IZVAN OKVIRA,LOS,0,0,1049,1268,413.32,341.32,Label68,18.64,7,8,J. Korb
4610,LB,UDARAC,UDARAC IZVAN OKVIRA,LIJEVA NOGA,0,0,341,64,640.32,350.32,Label96,33.36,9,5,O. Wendt
4610,LB,UDARAC,UDARAC IZVAN OKVIRA,PO ZRAKU,0,0,341,64,640.32,350.32,Label96,33.36,9,5,O. Wendt
4610,LB,UDARAC,UDARAC IZVAN OKVIRA,ODLICAN,0,0,341,64,640.32,350.32,Label96,33.36,9,5,O. Wendt
102647,LCM,UDARAC,UDARAC U OKVIR,LIJEVA NOGA,0,0,331,72,551.32,401.32,Label14,24.46,9,5,G. Xhaka
102647,LCM,UDARAC,UDARAC U OKVIR,ODLICAN,0,0,331,72,551.32,401.32,Label14,24.46,9,5,G. Xhaka
102647,LCM,UDARAC,UDARAC U OKVIR,PO ZRAKU,0,0,331,72,551.32,401.32,Label14,24.46,9,5,G. Xhaka
205485,RCM,UDARAC,UDARAC IZVAN OKVIRA,DESNA NOGA,0,0,374,82,294.32,375.32,Label66,24.46,6,5,M. Dahoud
205485,RCM,UDARAC,UDARAC IZVAN OKVIRA,PO ZRAKU,0,0,374,82,294.32,375.32,Label66,24.46,6,5,M. Dahoud
205485,RCM,UDARAC,UDARAC IZVAN OKVIRA,ODLICAN,0,0,374,82,294.32,375.32,Label66,24.46,6,5,M. Dahoud
205485,RCM,UDARAC,UDARAC IZVAN OKVIRA,DESNA NOGA,0,0,425,72,402.32,361.32,Label51,28.58,6,5,M. Dahoud
205485,RCM,UDARAC,UDARAC IZVAN OKVIRA,PO ZRAKU,0,0,425,72,402.32,361.32,Label51,28.58,6,5,M. Dahoud
205485,RCM,UDARAC,UDARAC IZVAN OKVIRA,LOS,0,0,425,72,402.32,361.32,Label51,28.58,6,5,M. Dahoud
16894,LW,UDARAC,UDARAC U OKVIR,DESNA NOGA,0,0,198,50,537.32,389.32,Label14,17.38,9,5,F. Johnson
16894,LW,UDARAC,UDARAC U OKVIR,PO ZRAKU,0,0,198,50,537.32,389.32,Label14,17.38,9,5,F. Johnson
16894,LW,UDARAC,UDARAC U OKVIR,ODLICAN,0,0,198,50,537.32,389.32,Label14,17.38,9,5,F. Johnson
16894,LW,UDARAC,UDARAC U OKVIR,ATRAKTIVAN,0,0,198,50,537.32,389.32,Label14,17.38,9,5,F. Johnson
11500,LCF,UDARAC,UDARAC U OKVIR,LIJEVA NOGA,0,0,161,115,505.32,458.32,Label45,5.46,9,9,Raffael
11500,LCF,UDARAC,UDARAC U OKVIR,ODLICAN,0,0,161,115,505.32,458.32,Label45,5.46,9,9,Raffael
11500,LCF,UDARAC,UDARAC U OKVIR,PO ZEMLJI,0,0,161,115,505.32,458.32,Label45,5.46,9,9,Raffael
11500,LCF,UDARAC,UDARAC U OKVIR,DESNA NOGA,0,0,171,51,345.32,405.32,Label39,10.92,5,5,Raffael
11500,LCF,UDARAC,UDARAC U OKVIR,PO ZEMLJI,0,0,171,51,345.32,405.32,Label39,10.92,5,5,Raffael
11500,LCF,UDARAC,UDARAC U OKVIR,ODLICAN,0,0,171,51,345.32,405.32,Label39,10.92,5,5,Raffael
39479,RCF,UDARAC,UDARAC U OKVIR,DESNA NOGA,0,0,341,50,309.32,455.32,Label37,26.52,5,9,L. Stindl
39479,RCF,UDARAC,UDARAC U OKVIR,PO ZEMLJI,0,0,341,50,309.32,455.32,Label37,26.52,5,9,L. Stindl
39479,RCF,UDARAC,UDARAC U OKVIR,ODLICAN,0,0,341,50,309.32,455.32,Label37,26.52,5,9,L. Stindl
102647,LCM,UDARAC,UDARAC IZVAN OKVIRA,DESNA NOGA,0,0,944,1281,490.32,273.32,Label60,32.85,11,8,G. Xhaka
102647,LCM,UDARAC,UDARAC IZVAN OKVIRA,PO ZEMLJI,0,0,944,1281,490.32,273.32,Label60,32.85,11,8,G. Xhaka
102647,LCM,UDARAC,UDARAC IZVAN OKVIRA,LOS,0,0,944,1281,490.32,273.32,Label60,32.85,11,8,G. Xhaka
205485,RCM,UDARAC,UDARAC U OKVIR,DESNA NOGA,0,0,1019,1259,319.32,437.32,Label23,21.77,7,8,M. Dahoud
205485,RCM,UDARAC,UDARAC U OKVIR,ZONA,0,0,1019,1259,319.32,437.32,Label23,21.77,7,8,M. Dahoud
205485,RCM,UDARAC,UDARAC U OKVIR,PO ZRAKU,0,0,1019,1259,319.32,437.32,Label23,21.77,7,8,M. Dahoud
16894,LW,UDARAC,UDARAC U OKVIR,ODLICAN,0,0,1212,1295,507.32,389.32,Label37,12.11,12,8,F. Johnson
16894,LW,UDARAC,UDARAC U OKVIR,PO ZEMLJI,0,0,1212,1295,507.32,389.32,Label37,12.11,12,8,F. Johnson
16894,LW,UDARAC,UDARAC U OKVIR,DESNA NOGA,0,0,1212,1295,507.32,389.32,Label37,12.11,12,8,F. Johnson
16087,LCB,UDARAC,UDARAC U OKVIR,GLAVOM,0,0,1198,1271,326.32,380.32,Label20,7.47,8,8,H. Nordtveit
16087,LCB,UDARAC,UDARAC U OKVIR,PO ZRAKU,0,0,1198,1271,326.32,380.32,Label20,7.47,8,8,H. Nordtveit
39479,LCF,UDARAC,UDARAC IZVAN OKVIRA,DESNA NOGA,0,0,1110,1283,415.32,473.32,Label96,14.76,8,12,L. Stindl
39479,LCF,UDARAC,UDARAC IZVAN OKVIRA,ODLICAN,0,0,1110,1283,415.32,473.32,Label96,14.76,8,12,L. Stindl
39479,LCF,UDARAC,UDARAC IZVAN OKVIRA,PO ZEMLJI,0,0,1110,1283,415.32,473.32,Label96,14.76,8,12,L. Stindl
205485,RCM,UDARAC,UDARAC U OKVIR,DESNA NOGA,0,0,1034,1252,458.32,440.32,Label6,17.58,11,8,M. Dahoud
205485,RCM,UDARAC,UDARAC U OKVIR,PO ZRAKU,0,0,1034,1252,458.32,440.32,Label6,17.58,11,8,M. Dahoud
205485,RCM,UDARAC,UDARAC U OKVIR,ZONA,0,0,1034,1252,458.32,440.32,Label6,17.58,11,8,M. Dahoud
205485,RCM,UDARAC,UDARAC U OKVIR,ODLICAN,0,0,1034,1252,458.32,440.32,Label6,17.58,11,8,M. Dahoud
102647,LCM,UDARAC,UDARAC U OKVIR,LIJEVA NOGA,0,0,923,1274,340.32,444.32,Label34,29.58,7,8,G. Xhaka
102647,LCM,UDARAC,UDARAC U OKVIR,ZONA,0,0,923,1274,340.32,444.32,Label34,29.58,7,8,G. Xhaka
102647,LCM,UDARAC,UDARAC U OKVIR,PO ZRAKU,0,0,923,1274,340.32,444.32,Label34,29.58,7,8,G. Xhaka
102647,LCM,UDARAC,UDARAC U OKVIR,IZ VOLEJA,0,0,923,1274,340.32,444.32,Label34,29.58,7,8,G. Xhaka
11500,RCF,UDARAC,UDARAC IZVAN OKVIRA,DESNA NOGA,0,0,207,62,411.32,483.32,Label53,13.18,5,9,Raffael
11500,RCF,UDARAC,UDARAC IZVAN OKVIRA,ODLICAN,0,0,207,62,411.32,483.32,Label53,13.18,5,9,Raffael
11500,RCF,UDARAC,UDARAC IZVAN OKVIRA,PO ZRAKU,0,0,207,62,411.32,483.32,Label53,13.18,5,9,Raffael
115078,RW,UDARAC,UDARAC U OKVIR,ODLICAN,0,0,135,50,410.32,390.32,Label47,7.04,5,5,J. Drmic
115078,RW,UDARAC,UDARAC U OKVIR,PO ZRAKU,0,0,135,50,410.32,390.32,Label47,7.04,5,5,J. Drmic
115078,RW,UDARAC,UDARAC U OKVIR,GLAVOM,0,0,135,50,410.32,390.32,Label47,7.04,5,5,J. Drmic
156709,RCM,UDARAC,UDARAC U OKVIR,DESNA NOGA,0,0,338,77,587.32,467.32,Label37,23.35,9,9,T. Hazard
156709,RCM,UDARAC,UDARAC U OKVIR,ZONA,0,0,338,77,587.32,467.32,Label37,23.35,9,9,T. Hazard
156709,RCM,UDARAC,UDARAC U OKVIR,ODLICAN,0,0,338,77,587.32,467.32,Label37,23.35,9,9,T. Hazard
156709,RCM,UDARAC,UDARAC U OKVIR,PO ZRAKU,0,0,338,77,587.32,467.32,Label37,23.35,9,9,T. Hazard
16894,LW,UDARAC,UDARAC U OKVIR,LIJEVA NOGA,0,0,147,50,366.32,389.32,Label12,8.04,5,5,F. Johnson
16894,LW,UDARAC,UDARAC U OKVIR,ODLICAN,0,0,147,50,366.32,389.32,Label12,8.04,5,5,F. Johnson
16894,LW,UDARAC,UDARAC U OKVIR,PO ZRAKU,0,0,147,50,366.32,389.32,Label12,8.04,5,5,F. Johnson
11500,LCF,UDARAC,UDARAC U OKVIR,PO ZRAKU,0,0,1010,1255,516.32,424.32,Label38,21.2,11,8,Raffael
11500,LCF,UDARAC,UDARAC U OKVIR,ZONA,0,0,1010,1255,516.32,424.32,Label38,21.2,11,8,Raffael
11500,LCF,UDARAC,UDARAC U OKVIR,DESNA NOGA,0,0,1010,1255,516.32,424.32,Label38,21.2,11,8,Raffael
11500,LCF,UDARAC,UDARAC U OKVIR,LOS,0,0,1010,1255,516.32,424.32,Label38,21.2,11,8,Raffael
39479,RCF,UDARAC,UDARAC IZVAN OKVIRA,PO ZRAKU,0,0,1194,1287,453.32,496.32,Label95,8.33,12,12,L. Stindl
39479,RCF,UDARAC,UDARAC IZVAN OKVIRA,LOS,0,0,1194,1287,453.32,496.32,Label95,8.33,12,12,L. Stindl
39479,RCF,UDARAC,UDARAC IZVAN OKVIRA,GLAVOM,0,0,1194,1287,453.32,496.32,Label95,8.33,12,12,L. Stindl
39479,RCF,UDARAC,UDARAC IZVAN OKVIRA,ZONA,0,0,1194,1287,453.32,496.32,Label95,8.33,12,12,L. Stindl
205180,RCB,UDARAC,UDARAC U OKVIR,PO ZRAKU,0,0,1027,1267,507.32,410.32,Label16,21.0,11,8,N. Elvedi
205180,RCB,UDARAC,UDARAC U OKVIR,LOS,0,0,1027,1267,507.32,410.32,Label16,21.0,11,8,N. Elvedi
205180,RCB,UDARAC,UDARAC U OKVIR,DESNA NOGA,0,0,1027,1267,507.32,410.32,Label16,21.0,11,8,N. Elvedi
205180,RCB,UDARAC,UDARAC U OKVIR,ZONA,0,0,1027,1267,507.32,410.32,Label16,21.0,11,8,N. Elvedi
205485,RCM,UDARAC,UDARAC IZVAN OKVIRA,PO ZRAKU,0,0,967,1287,415.32,341.32,Label68,26.48,7,8,M. Dahoud
205485,RCM,UDARAC,UDARAC IZVAN OKVIRA,LOS,0,0,967,1287,415.32,341.32,Label68,26.48,7,8,M. Dahoud
205485,RCM,UDARAC,UDARAC IZVAN OKVIRA,ZONA,0,0,967,1287,415.32,341.32,Label68,26.48,7,8,M. Dahoud
205485,RCM,UDARAC,UDARAC IZVAN OKVIRA,DESNA NOGA,0,0,967,1287,415.32,341.32,Label68,26.48,7,8,M. Dahoud
4610,LWB,UDARAC,UDARAC U OKVIR,PO ZRAKU,0,0,190,50,524.32,393.32,Label45,15.89,9,5,O. Wendt
4610,LWB,UDARAC,UDARAC U OKVIR,ODLICAN,0,0,190,50,524.32,393.32,Label45,15.89,9,5,O. Wendt
4610,LWB,UDARAC,UDARAC U OKVIR,ZONA,0,0,190,50,524.32,393.32,Label45,15.89,9,5,O. Wendt
4610,LWB,UDARAC,UDARAC U OKVIR,DESNA NOGA,0,0,190,50,524.32,393.32,Label45,15.89,9,5,O. Wendt
205485,RCM,UDARAC,UDARAC IZVAN OKVIRA,PO ZRAKU,0,0,215,60,290.32,330.32,Label94,12.91,5,5,M. Dahoud
205485,RCM,UDARAC,UDARAC IZVAN OKVIRA,LOS,0,0,215,60,290.32,330.32,Label94,12.91,5,5,M. Dahoud
205485,RCM,UDARAC,UDARAC IZVAN OKVIRA,ZONA,0,0,215,60,290.32,330.32,Label94,12.91,5,5,M. Dahoud
205485,RCM,UDARAC,UDARAC IZVAN OKVIRA,DESNA NOGA,0,0,215,60,290.32,330.32,Label94,12.91,5,5,M. Dahoud
205485,RCM,UDARAC,UDARAC IZVAN OKVIRA,IZ VOLEJA,0,0,215,60,290.32,330.32,Label94,12.91,5,5,M. Dahoud
126631,RWB,UDARAC,UDARAC U OKVIR,PO ZEMLJI,0,0,195,150,353.32,376.32,Label38,4.11,5,5,J. Korb
126631,RWB,UDARAC,UDARAC U OKVIR,ODLICAN,0,0,195,150,353.32,376.32,Label38,4.11,5,5,J. Korb
126631,RWB,UDARAC,UDARAC U OKVIR,ZONA,0,0,195,150,353.32,376.32,Label38,4.11,5,5,J. Korb
126631,RWB,UDARAC,UDARAC U OKVIR,DESNA NOGA,0,0,195,150,353.32,376.32,Label38,4.11,5,5,J. Korb
39479,RCF,UDARAC,UDARAC U OKVIR,PO ZRAKU,0,0,175,50,394.32,420.32,Label8,10.28,5,5,L. Stindl
39479,RCF,UDARAC,UDARAC U OKVIR,ODLICAN,0,0,175,50,394.32,420.32,Label8,10.28,5,5,L. Stindl
39479,RCF,UDARAC,UDARAC U OKVIR,ZONA,0,0,175,50,394.32,420.32,Label8,10.28,5,5,L. Stindl
39479,RCF,UDARAC,UDARAC U OKVIR,DESNA NOGA,0,0,175,50,394.32,420.32,Label8,10.28,5,5,L. Stindl
16894,LCM,UDARAC,UDARAC U OKVIR,PO ZEMLJI,0,0,194,50,345.32,443.32,Label43,14.29,5,5,F. Johnson
16894,LCM,UDARAC,UDARAC U OKVIR,ODLICAN,0,0,194,50,345.32,443.32,Label43,14.29,5,5,F. Johnson
16894,LCM,UDARAC,UDARAC U OKVIR,ZONA,0,0,194,50,345.32,443.32,Label43,14.29,5,5,F. Johnson
16894,LCM,UDARAC,UDARAC U OKVIR,DESNA NOGA,0,0,194,50,345.32,443.32,Label43,14.29,5,5,F. Johnson
16894,LW,UDARAC,UDARAC IZVAN OKVIRA,DESNA NOGA,0,0,379,72,357.32,301.32,Label67,25.13,6,5,F. Johnson
16894,LW,UDARAC,UDARAC IZVAN OKVIRA,ZONA,0,0,379,72,357.32,301.32,Label67,25.13,6,5,F. Johnson
16894,LW,UDARAC,UDARAC IZVAN OKVIRA,LOS,0,0,379,72,357.32,301.32,Label67,25.13,6,5,F. Johnson
16894,LW,UDARAC,UDARAC IZVAN OKVIRA,PO ZRAKU,0,0,379,72,357.32,301.32,Label67,25.13,6,5,F. Johnson
126631,RW,UDARAC,UDARAC IZVAN OKVIRA,DESNA NOGA,0,0,174,65,268.32,380.32,Label66,12.99,5,5,J. Korb
126631,RW,UDARAC,UDARAC IZVAN OKVIRA,ODLICAN,0,0,174,65,268.32,380.32,Label66,12.99,5,5,J. Korb
126631,RW,UDARAC,UDARAC IZVAN OKVIRA,PO ZRAKU,0,0,174,65,268.32,380.32,Label66,12.99,5,5,J. Korb
126631,RW,UDARAC,UDARAC U OKVIR,PO ZRAKU,0,0,199,50,306.32,441.32,Label42,16.65,5,5,J. Korb
126631,RW,UDARAC,UDARAC U OKVIR,ODLICAN,0,0,199,50,306.32,441.32,Label42,16.65,5,5,J. Korb
126631,RW,UDARAC,UDARAC U OKVIR,DESNA NOGA,0,0,199,50,306.32,441.32,Label42,16.65,5,5,J. Korb
11500,LCF,UDARAC,UDARAC U OKVIR,DESNA NOGA,0,0,147,51,455.32,438.32,Label21,7.85,9,5,Raffael
11500,LCF,UDARAC,UDARAC U OKVIR,ODLICAN,0,0,147,51,455.32,438.32,Label21,7.85,9,5,Raffael
11500,LCF,UDARAC,UDARAC U OKVIR,PO ZRAKU,0,0,147,51,455.32,438.32,Label21,7.85,9,5,Raffael
102647,LCM,UDARAC,UDARAC U OKVIR,LIJEVA NOGA,0,0,905,1266,345.32,425.32,Label17,29.8,7,8,G. Xhaka
102647,LCM,UDARAC,UDARAC U OKVIR,ZONA,0,0,905,1266,345.32,425.32,Label17,29.8,7,8,G. Xhaka
102647,LCM,UDARAC,UDARAC U OKVIR,ODLICAN,0,0,905,1266,345.32,425.32,Label17,29.8,7,8,G. Xhaka
102647,LCM,UDARAC,UDARAC U OKVIR,PO ZRAKU,0,0,905,1266,345.32,425.32,Label17,29.8,7,8,G. Xhaka
39479,RCF,UDARAC,UDARAC IZVAN OKVIRA,PO ZRAKU,0,0,1132,1280,310.32,489.32,Label51,19.41,8,12,L. Stindl
39479,RCF,UDARAC,UDARAC IZVAN OKVIRA,LOS,0,0,1132,1280,310.32,489.32,Label51,19.41,8,12,L. Stindl
39479,RCF,UDARAC,UDARAC IZVAN OKVIRA,DESNA NOGA,0,0,1132,1280,310.32,489.32,Label51,19.41,8,12,L. Stindl
102647,LCM,UDARAC,UDARAC IZVAN OKVIRA,LIJEVA NOGA,0,0,923,1275,437.32,412.32,Label65,28.36,7,8,G. Xhaka
102647,LCM,UDARAC,UDARAC IZVAN OKVIRA,ZONA,0,0,923,1275,437.32,412.32,Label65,28.36,7,8,G. Xhaka
102647,LCM,UDARAC,UDARAC IZVAN OKVIRA,LOS,0,0,923,1275,437.32,412.32,Label65,28.36,7,8,G. Xhaka
102647,LCM,UDARAC,UDARAC IZVAN OKVIRA,PO ZRAKU,0,0,923,1275,437.32,412.32,Label65,28.36,7,8,G. Xhaka
156709,LB,UDARAC,UDARAC U OKVIR,DESNA NOGA,0,0,1028,1251,592.32,435.32,Label19,22.41,11,8,T. Hazard
156709,LB,UDARAC,UDARAC U OKVIR,PO ZRAKU,0,0,1028,1251,592.32,435.32,Label19,22.41,11,8,T. Hazard
156709,LB,UDARAC,UDARAC U OKVIR,ZONA,0,0,1028,1251,592.32,435.32,Label19,22.41,11,8,T. Hazard
16491,LCM,UDARAC,UDARAC U OKVIR,LIJEVA NOGA,0,0,351,82,501.32,402.32,Label47,23.22,10,5,I. Traore
16491,LCM,UDARAC,UDARAC U OKVIR,PO ZEMLJI,0,0,351,82,501.32,402.32,Label47,23.22,10,5,I. Traore
16491,LCM,UDARAC,UDARAC U OKVIR,ZONA,0,0,351,82,501.32,402.32,Label47,23.22,10,5,I. Traore
115078,LCF,UDARAC,UDARAC U OKVIR,PO ZRAKU,0,0,155,76,474.32,415.32,Label23,8.11,9,5,J. Drmic
115078,LCF,UDARAC,UDARAC U OKVIR,DESNA NOGA,0,0,155,76,474.32,415.32,Label23,8.11,9,5,J. Drmic
115078,LCF,UDARAC,UDARAC U OKVIR,ZONA,0,0,155,76,474.32,415.32,Label23,8.11,9,5,J. Drmic
126631,RW,UDARAC,UDARAC IZVAN OKVIRA,DESNA NOGA,0,0,145,67,289.32,469.32,Label55,16.65,5,9,J. Korb
126631,RW,UDARAC,UDARAC IZVAN OKVIRA,PO ZRAKU,0,0,145,67,289.32,469.32,Label55,16.65,5,9,J. Korb
205485,RCM,UDARAC,UDARAC IZVAN OKVIRA,DESNA NOGA,0,0,970,1267,348.32,337.32,Label53,23.88,7,8,M. Dahoud
205485,RCM,UDARAC,UDARAC IZVAN OKVIRA,IZ VOLEJA,0,0,970,1267,348.32,337.32,Label53,23.88,7,8,M. Dahoud
205485,RCM,UDARAC,UDARAC IZVAN OKVIRA,PO ZRAKU,0,0,970,1267,348.32,337.32,Label53,23.88,7,8,M. Dahoud
39479,RCF,UDARAC,UDARAC U OKVIR,DESNA NOGA,0,0,1065,1270,379.32,386.32,Label37,16.48,8,8,L. Stindl
39479,RCF,UDARAC,UDARAC U OKVIR,PO ZEMLJI,0,0,1065,1270,379.32,386.32,Label37,16.48,8,8,L. Stindl
39479,RCF,UDARAC,UDARAC U OKVIR,ZONA,0,0,1065,1270,379.32,386.32,Label37,16.48,8,8,L. Stindl
11500,LCF,UDARAC,UDARAC IZVAN OKVIRA,DESNA NOGA,0,0,1112,1279,285.32,462.32,Label96,20.25,8,12,Raffael
11500,LCF,UDARAC,UDARAC IZVAN OKVIRA,ZONA,0,0,1112,1279,285.32,462.32,Label96,20.25,8,12,Raffael
11500,LCF,UDARAC,UDARAC IZVAN OKVIRA,PO ZEMLJI,0,0,1112,1279,285.32,462.32,Label96,20.25,8,12,Raffael
39479,RCF,UDARAC,UDARAC U OKVIR,DESNA NOGA,0,0,1214,1273,542.32,451.32,Label35,9.12,12,12,L. Stindl
39479,RCF,UDARAC,UDARAC U OKVIR,PO ZRAKU,0,0,1214,1273,542.32,451.32,Label35,9.12,12,12,L. Stindl
39479,RCF,UDARAC,UDARAC U OKVIR,LOS,0,0,1214,1273,542.32,451.32,Label35,9.12,12,12,L. Stindl
39479,RCF,UDARAC,UDARAC U OKVIR,LIJEVA NOGA,0,0,1028,1295,415.32,391.32,Label37,21.55,7,8,L. Stindl
39479,RCF,UDARAC,UDARAC U OKVIR,PO ZRAKU,0,0,1028,1295,415.32,391.32,Label37,21.55,7,8,L. Stindl
39479,RCF,UDARAC,UDARAC U OKVIR,ZONA,0,0,1028,1295,415.32,391.32,Label37,21.55,7,8,L. Stindl
39479,RCF,UDARAC,UDARAC U OKVIR,ODLICAN,0,0,1028,1295,415.32,391.32,Label37,21.55,7,8,L. Stindl
16087,RCM,UDARAC,UDARAC U OKVIR,DESNA NOGA,0,0,379,51,225.32,401.32,Label24,30.36,6,5,H. Nordtveit
16087,RCM,UDARAC,UDARAC U OKVIR,PO ZRAKU,0,0,379,51,225.32,401.32,Label24,30.36,6,5,H. Nordtveit
16087,RCM,UDARAC,UDARAC U OKVIR,ATRAKTIVAN,0,0,379,51,225.32,401.32,Label24,30.36,6,5,H. Nordtveit
16087,RCM,UDARAC,UDARAC U OKVIR,ODLICAN,0,0,379,51,225.32,401.32,Label24,30.36,6,5,H. Nordtveit
16087,RCM,UDARAC,UDARAC U OKVIR,ZONA,0,0,379,51,225.32,401.32,Label24,30.36,6,5,H. Nordtveit
156709,RW,UDARAC,UDARAC IZVAN OKVIRA,DESNA NOGA,0,0,433,82,279.32,358.32,Label94,29.0,6,5,T. Hazard
156709,RW,UDARAC,UDARAC IZVAN OKVIRA,PO ZRAKU,0,0,433,82,279.32,358.32,Label94,29.0,6,5,T. Hazard
4610,LB,UDARAC,UDARAC U OKVIR,LIJEVA NOGA,0,0,202,50,471.32,403.32,Label46,13.53,9,5,O. Wendt
4610,LB,UDARAC,UDARAC U OKVIR,PO ZEMLJI,0,0,202,50,471.32,403.32,Label46,13.53,9,5,O. Wendt
4610,LB,UDARAC,UDARAC U OKVIR,ODLICAN,0,0,202,50,471.32,403.32,Label46,13.53,9,5,O. Wendt
4610,LB,UDARAC,UDARAC IZVAN OKVIRA,PO ZRAKU,0,0,1136,1288,265.32,489.32,Label97,22.75,8,12,O. Wendt
4610,LB,UDARAC,UDARAC IZVAN OKVIRA,LOS,0,0,1136,1288,265.32,489.32,Label97,22.75,8,12,O. Wendt
4610,LB,UDARAC,UDARAC IZVAN OKVIRA,ZONA,0,0,1136,1288,265.32,489.32,Label97,22.75,8,12,O. Wendt
4610,LB,UDARAC,UDARAC IZVAN OKVIRA,LIJEVA NOGA,0,0,1136,1288,265.32,489.32,Label97,22.75,8,12,O. Wendt
16491,RW,UDARAC,UDARAC U OKVIR,PO ZRAKU,0,0,168,159,310.32,320.32,Label44,1.12,5,5,I. Traore
16491,RW,UDARAC,UDARAC U OKVIR,LOS,0,0,168,159,310.32,320.32,Label44,1.12,5,5,I. Traore
16491,RW,UDARAC,UDARAC U OKVIR,ZONA,0,0,168,159,310.32,320.32,Label44,1.12,5,5,I. Traore
16491,RW,UDARAC,UDARAC U OKVIR,LIJEVA NOGA,0,0,168,159,310.32,320.32,Label44,1.12,5,5,I. Traore
39479,RCF,UDARAC,UDARAC IZVAN OKVIRA,PO ZRAKU,0,0,261,57,425.32,494.32,Label59,17.42,5,9,L. Stindl
39479,RCF,UDARAC,UDARAC IZVAN OKVIRA,LOS,0,0,261,57,425.32,494.32,Label59,17.42,5,9,L. Stindl
39479,RCF,UDARAC,UDARAC IZVAN OKVIRA,IZ VOLEJA,0,0,261,57,425.32,494.32,Label59,17.42,5,9,L. Stindl
39479,RCF,UDARAC,UDARAC IZVAN OKVIRA,ZONA,0,0,261,57,425.32,494.32,Label59,17.42,5,9,L. Stindl
39479,RCF,UDARAC,UDARAC IZVAN OKVIRA,LIJEVA NOGA,0,0,261,57,425.32,494.32,Label59,17.42,5,9,L. Stindl
205485,LCM,UDARAC,UDARAC IZVAN OKVIRA,PO ZRAKU,0,0,317,59,628.32,331.32,Label67,32.83,9,5,M. Dahoud
205485,LCM,UDARAC,UDARAC IZVAN OKVIRA,LOS,0,0,317,59,628.32,331.32,Label67,32.83,9,5,M. Dahoud
205485,LCM,UDARAC,UDARAC IZVAN OKVIRA,ZONA,0,0,317,59,628.32,331.32,Label67,32.83,9,5,M. Dahoud
205485,LCM,UDARAC,UDARAC IZVAN OKVIRA,DESNA NOGA,0,0,317,59,628.32,331.32,Label67,32.83,9,5,M. Dahoud
11500,LCF,UDARAC,UDARAC U OKVIR,PO ZEMLJI,0,0,210,50,380.32,386.32,Label47,12.86,5,5,Raffael
11500,LCF,UDARAC,UDARAC U OKVIR,ODLICAN,0,0,210,50,380.32,386.32,Label47,12.86,5,5,Raffael
11500,LCF,UDARAC,UDARAC U OKVIR,ZONA,0,0,210,50,380.32,386.32,Label47,12.86,5,5,Raffael
11500,LCF,UDARAC,UDARAC U OKVIR,LIJEVA NOGA,0,0,210,50,380.32,386.32,Label47,12.86,5,5,Raffael
185121,RES,UDARAC,UDARAC IZVAN OKVIRA,PO ZEMLJI,0,0,143,55,544.32,362.32,Label97,17.12,9,5,J. Hofmann
185121,RES,UDARAC,UDARAC IZVAN OKVIRA,LOS,0,0,143,55,544.32,362.32,Label97,17.12,9,5,J. Hofmann
185121,RES,UDARAC,UDARAC IZVAN OKVIRA,ZONA,0,0,143,55,544.32,362.32,Label97,17.12,9,5,J. Hofmann
185121,RES,UDARAC,UDARAC IZVAN OKVIRA,LIJEVA NOGA,0,0,143,55,544.32,362.32,Label97,17.12,9,5,J. Hofmann
39479,RCF,UDARAC,UDARAC U OKVIR,PO ZEMLJI,0,0,239,94,325.32,402.32,Label40,13.39,5,5,L. Stindl
39479,RCF,UDARAC,UDARAC U OKVIR,LOS,0,0,239,94,325.32,402.32,Label40,13.39,5,5,L. Stindl
39479,RCF,UDARAC,UDARAC U OKVIR,ZONA,0,0,239,94,325.32,402.32,Label40,13.39,5,5,L. Stindl
39479,RCF,UDARAC,UDARAC U OKVIR,DESNA NOGA,0,0,239,94,325.32,402.32,Label40,13.39,5,5,L. Stindl
16087,CDM,UDARAC,UDARAC U OKVIR,PO ZRAKU,0,0,1197,1263,355.32,400.32,Label21,6.55,8,8,H. Nordtveit
16087,CDM,UDARAC,UDARAC U OKVIR,GLAVOM,0,0,1197,1263,355.32,400.32,Label21,6.55,8,8,H. Nordtveit
11500,ST,UDARAC,UDARAC U OKVIR,PO ZRAKU,0,0,1163,1198,372.32,379.32,Label32,2.87,8,8,Raffael
11500,ST,UDARAC,UDARAC U OKVIR,DESNA NOGA,0,0,1163,1198,372.32,379.32,Label32,2.87,8,8,Raffael
39479,RCM,UDARAC,UDARAC U OKVIR,PO ZRAKU,0,0,1205,1267,390.32,398.32,Label20,5.02,8,8,L. Stindl
39479,RCM,UDARAC,UDARAC U OKVIR,GLAVOM,0,0,1205,1267,390.32,398.32,Label20,5.02,8,8,L. Stindl
127794,LCB,UDARAC,UDARAC IZVAN OKVIRA,PO ZRAKU,0,0,1191,1268,438.32,415.32,Label65,6.49,8,8,M. Hinteregger
127794,LCB,UDARAC,UDARAC IZVAN OKVIRA,GLAVOM,0,0,1191,1268,438.32,415.32,Label65,6.49,8,8,M. Hinteregger
39479,RCM,UDARAC,UDARAC IZVAN OKVIRA,PO ZRAKU,0,0,1192,1275,398.32,471.32,Label96,9.14,8,12,L. Stindl
39479,RCM,UDARAC,UDARAC IZVAN OKVIRA,DESNA NOGA,0,0,1192,1275,398.32,471.32,Label96,9.14,8,12,L. Stindl
16894,LCM,UDARAC,UDARAC U OKVIR,PO ZEMLJI,0,0,365,102,266.32,380.32,Label45,23.28,6,5,F. Johnson
16894,LCM,UDARAC,UDARAC U OKVIR,LIJEVA NOGA,0,0,365,102,266.32,380.32,Label45,23.28,6,5,F. Johnson
16894,LCM,UDARAC,UDARAC U OKVIR,ZONA,0,0,365,102,266.32,380.32,Label45,23.28,6,5,F. Johnson
185121,LW,UDARAC,UDARAC U OKVIR,PO ZEMLJI,0,0,271,77,230.32,390.32,Label40,20.76,5,5,J. Hofmann
185121,LW,UDARAC,UDARAC U OKVIR,LOS,0,0,271,77,230.32,390.32,Label40,20.76,5,5,J. Hofmann
185121,LW,UDARAC,UDARAC U OKVIR,DESNA NOGA,0,0,271,77,230.32,390.32,Label40,20.76,5,5,J. Hofmann
11500,ST,UDARAC,UDARAC U OKVIR,PO ZRAKU,0,0,138,86,352.32,396.32,Label17,5.62,5,5,Raffael
11500,ST,UDARAC,UDARAC U OKVIR,DESNA NOGA,0,0,138,86,352.32,396.32,Label17,5.62,5,5,Raffael
156709,RW,UDARAC,UDARAC IZVAN OKVIRA,PO ZRAKU,0,0,304,89,579.32,403.32,Label66,22.93,9,5,T. Hazard
156709,RW,UDARAC,UDARAC IZVAN OKVIRA,DESNA NOGA,0,0,304,89,579.32,403.32,Label66,22.93,9,5,T. Hazard
156709,RW,UDARAC,UDARAC IZVAN OKVIRA,ZONA,0,0,304,89,579.32,403.32,Label66,22.93,9,5,T. Hazard
206309,RCB,UDARAC,UDARAC IZVAN OKVIRA,PO ZRAKU,0,0,122,81,385.32,392.32,Label66,3.34,5,5,A. Christensen
206309,RCB,UDARAC,UDARAC IZVAN OKVIRA,IZ VOLEJA,0,0,122,81,385.32,392.32,Label66,3.34,5,5,A. Christensen
206309,RCB,UDARAC,UDARAC IZVAN OKVIRA,DESNA NOGA,0,0,122,81,385.32,392.32,Label66,3.34,5,5,A. Christensen
206309,RCB,UDARAC,UDARAC IZVAN OKVIRA,PO ZRAKU,0,0,1138,1287,462.32,389.32,Label65,13.5,12,8,A. Christensen
206309,RCB,UDARAC,UDARAC IZVAN OKVIRA,ODLICAN,0,0,1138,1287,462.32,389.32,Label65,13.5,12,8,A. Christensen
206309,RCB,UDARAC,UDARAC IZVAN OKVIRA,GLAVOM,0,0,1138,1287,462.32,389.32,Label65,13.5,12,8,A. Christensen
206309,RCB,UDARAC,UDARAC IZVAN OKVIRA,ZONA,0,0,1138,1287,462.32,389.32,Label65,13.5,12,8,A. Christensen
11500,LCF,UDARAC,UDARAC U OKVIR,PO ZEMLJI,0,0,1114,1234,241.32,401.32,Label45,16.76,8,8,Raffael
11500,LCF,UDARAC,UDARAC U OKVIR,LOS,0,0,1114,1234,241.32,401.32,Label45,16.76,8,8,Raffael
11500,LCF,UDARAC,UDARAC U OKVIR,ZONA,0,0,1114,1234,241.32,401.32,Label45,16.76,8,8,Raffael
11500,LCF,UDARAC,UDARAC U OKVIR,LIJEVA NOGA,0,0,1114,1234,241.32,401.32,Label45,16.76,8,8,Raffael
39479,RCF,UDARAC,UDARAC U OKVIR,PO ZEMLJI,0,0,1195,1295,407.32,413.32,Label44,8.05,8,8,L. Stindl
39479,RCF,UDARAC,UDARAC U OKVIR,ODLICAN,0,0,1195,1295,407.32,413.32,Label44,8.05,8,8,L. Stindl
39479,RCF,UDARAC,UDARAC U OKVIR,ZONA,0,0,1195,1295,407.32,413.32,Label44,8.05,8,8,L. Stindl
39479,RCF,UDARAC,UDARAC U OKVIR,DESNA NOGA,0,0,1195,1295,407.32,413.32,Label44,8.05,8,8,L. Stindl
156709,RW,UDARAC,UDARAC IZVAN OKVIRA,PO ZEMLJI,0,0,1205,1288,560.32,361.32,Label53,18.31,12,8,T. Hazard
156709,RW,UDARAC,UDARAC IZVAN OKVIRA,LOS,0,0,1205,1288,560.32,361.32,Label53,18.31,12,8,T. Hazard
156709,RW,UDARAC,UDARAC IZVAN OKVIRA,LIJEVA NOGA,0,0,1205,1288,560.32,361.32,Label53,18.31,12,8,T. Hazard
156709,RW,UDARAC,UDARAC IZVAN OKVIRA,ZONA,0,0,1205,1288,560.32,361.32,Label53,18.31,12,8,T. Hazard
11500,LCF,UDARAC,UDARAC U OKVIR,PO ZRAKU,0,0,1026,1238,248.32,401.32,Label8,21.49,7,8,Raffael
11500,LCF,UDARAC,UDARAC U OKVIR,ODLICAN,0,0,1026,1238,248.32,401.32,Label8,21.49,7,8,Raffael
11500,LCF,UDARAC,UDARAC U OKVIR,ZONA,0,0,1026,1238,248.32,401.32,Label8,21.49,7,8,Raffael
11500,LCF,UDARAC,UDARAC U OKVIR,DESNA NOGA,0,0,1026,1238,248.32,401.32,Label8,21.49,7,8,Raffael
206309,RCB,UDARAC,UDARAC U OKVIR,PO ZEMLJI,0,0,1242,1295,469.32,435.32,Label39,5.16,12,8,A. Christensen
206309,RCB,UDARAC,UDARAC U OKVIR,ODLICAN,0,0,1242,1295,469.32,435.32,Label39,5.16,12,8,A. Christensen
206309,RCB,UDARAC,UDARAC U OKVIR,ZONA,0,0,1242,1295,469.32,435.32,Label39,5.16,12,8,A. Christensen
206309,RCB,UDARAC,UDARAC U OKVIR,DESNA NOGA,0,0,1242,1295,469.32,435.32,Label39,5.16,12,8,A. Christensen
127794,LCB,UDARAC,UDARAC IZVAN OKVIRA,PO ZRAKU,0,0,1170,1286,369.32,477.32,Label51,13.13,8,12,M. Hinteregger
127794,LCB,UDARAC,UDARAC IZVAN OKVIRA,LOS,0,0,1170,1286,369.32,477.32,Label51,13.13,8,12,M. Hinteregger
127794,LCB,UDARAC,UDARAC IZVAN OKVIRA,GLAVOM,0,0,1170,1286,369.32,477.32,Label51,13.13,8,12,M. Hinteregger
127794,LCB,UDARAC,UDARAC IZVAN OKVIRA,ZONA,0,0,1170,1286,369.32,477.32,Label51,13.13,8,12,M. Hinteregger
205485,LCM,UDARAC,UDARAC U OKVIR,PO ZRAKU,0,0,1213,1256,243.32,334.32,Label38,8.53,8,8,M. Dahoud
205485,LCM,UDARAC,UDARAC U OKVIR,ODLICAN,0,0,1213,1256,243.32,334.32,Label38,8.53,8,8,M. Dahoud
205485,LCM,UDARAC,UDARAC U OKVIR,ZONA,0,0,1213,1256,243.32,334.32,Label38,8.53,8,8,M. Dahoud
205485,LCM,UDARAC,UDARAC U OKVIR,LIJEVA NOGA,0,0,1213,1256,243.32,334.32,Label38,8.53,8,8,M. Dahoud
206309,RCB,UDARAC,UDARAC U OKVIR,PO ZRAKU,0,0,138,50,415.32,401.32,Label46,7.17,5,5,A. Christensen
206309,RCB,UDARAC,UDARAC U OKVIR,ODLICAN,0,0,138,50,415.32,401.32,Label46,7.17,5,5,A. Christensen
206309,RCB,UDARAC,UDARAC U OKVIR,ZONA,0,0,138,50,415.32,401.32,Label46,7.17,5,5,A. Christensen
206309,RCB,UDARAC,UDARAC U OKVIR,GLAVOM,0,0,138,50,415.32,401.32,Label46,7.17,5,5,A. Christensen
205485,LCM,UDARAC,UDARAC IZVAN OKVIRA,PO ZRAKU,0,0,225,62,364.32,468.32,Label68,15.84,5,9,M. Dahoud
205485,LCM,UDARAC,UDARAC IZVAN OKVIRA,LOS,0,0,225,62,364.32,468.32,Label68,15.84,5,9,M. Dahoud
205485,LCM,UDARAC,UDARAC IZVAN OKVIRA,ZONA,0,0,225,62,364.32,468.32,Label68,15.84,5,9,M. Dahoud
205485,LCM,UDARAC,UDARAC IZVAN OKVIRA,LIJEVA NOGA,0,0,225,62,364.32,468.32,Label68,15.84,5,9,M. Dahoud
205485,LCM,UDARAC,UDARAC U OKVIR,PO ZRAKU,0,0,331,120,415.32,437.32,Label21,17.05,5,5,M. Dahoud
205485,LCM,UDARAC,UDARAC U OKVIR,ODLICAN,0,0,331,120,415.32,437.32,Label21,17.05,5,5,M. Dahoud
205485,LCM,UDARAC,UDARAC U OKVIR,ZONA,0,0,331,120,415.32,437.32,Label21,17.05,5,5,M. Dahoud
205485,LCM,UDARAC,UDARAC U OKVIR,DESNA NOGA,0,0,331,120,415.32,437.32,Label21,17.05,5,5,M. Dahoud
11500,LCF,UDARAC,UDARAC U OKVIR,PO ZRAKU,0,0,190,51,420.32,389.32,Label25,11.48,5,5,Raffael
11500,LCF,UDARAC,UDARAC U OKVIR,ODLICAN,0,0,190,51,420.32,389.32,Label25,11.48,5,5,Raffael
11500,LCF,UDARAC,UDARAC U OKVIR,ZONA,0,0,190,51,420.32,389.32,Label25,11.48,5,5,Raffael
11500,LCF,UDARAC,UDARAC U OKVIR,DESNA NOGA,0,0,190,51,420.32,389.32,Label25,11.48,5,5,Raffael
4610,LB,UDARAC,UDARAC IZVAN OKVIRA,PO ZRAKU,0,0,97,56,552.32,504.32,Label53,5.27,9,9,O. Wendt
4610,LB,UDARAC,UDARAC IZVAN OKVIRA,LOS,0,0,97,56,552.32,504.32,Label53,5.27,9,9,O. Wendt
4610,LB,UDARAC,UDARAC IZVAN OKVIRA,ZONA,0,0,97,56,552.32,504.32,Label53,5.27,9,9,O. Wendt
4610,LB,UDARAC,UDARAC IZVAN OKVIRA,LIJEVA NOGA,0,0,97,56,552.32,504.32,Label53,5.27,9,9,O. Wendt
16087,RCM,UDARAC,UDARAC U OKVIR,PO ZRAKU,0,0,374,50,347.32,395.32,Label13,26.35,6,5,H. Nordtveit
16087,RCM,UDARAC,UDARAC U OKVIR,ODLICAN,0,0,374,50,347.32,395.32,Label13,26.35,6,5,H. Nordtveit
16087,RCM,UDARAC,UDARAC U OKVIR,ZONA,0,0,374,50,347.32,395.32,Label13,26.35,6,5,H. Nordtveit
16087,RCM,UDARAC,UDARAC U OKVIR,DESNA NOGA,0,0,374,50,347.32,395.32,Label13,26.35,6,5,H. Nordtveit
205485,LCM,UDARAC,UDARAC U OKVIR,PO ZRAKU,0,0,1007,1262,391.32,389.32,Label42,20.49,7,8,M. Dahoud
205485,LCM,UDARAC,UDARAC U OKVIR,IZ VOLEJA,0,0,1007,1262,391.32,389.32,Label42,20.49,7,8,M. Dahoud
205485,LCM,UDARAC,UDARAC U OKVIR,DESNA NOGA,0,0,1007,1262,391.32,389.32,Label42,20.49,7,8,M. Dahoud
205485,LCM,UDARAC,UDARAC U OKVIR,ZONA,0,0,1007,1262,391.32,389.32,Label42,20.49,7,8,M. Dahoud
115078,LW,UDARAC,UDARAC U OKVIR,PO ZRAKU,0,0,156,93,533.32,461.32,Label9,7.98,9,9,J. Drmic
115078,LW,UDARAC,UDARAC U OKVIR,LIJEVA NOGA,0,0,156,93,533.32,461.32,Label9,7.98,9,9,J. Drmic
115078,LW,UDARAC,UDARAC U OKVIR,LOS,0,0,156,93,533.32,461.32,Label9,7.98,9,9,J. Drmic
16894,LW,UDARAC,UDARAC U OKVIR,PO ZEMLJI,0,0,1228,1295,393.32,406.32,Label43,5.49,8,8,F. Johnson
16894,LW,UDARAC,UDARAC U OKVIR,ODLICAN,0,0,1228,1295,393.32,406.32,Label43,5.49,8,8,F. Johnson
16894,LW,UDARAC,UDARAC U OKVIR,LIJEVA NOGA,0,0,1228,1295,393.32,406.32,Label43,5.49,8,8,F. Johnson
115078,LW,UDARAC,UDARAC U OKVIR,PO ZEMLJI,0,0,180,165,354.32,359.32,Label46,1.27,5,5,J. Drmic
115078,LW,UDARAC,UDARAC U OKVIR,DESNA NOGA,0,0,180,165,354.32,359.32,Label46,1.27,5,5,J. Drmic
115078,LW,UDARAC,UDARAC IZVAN OKVIRA,PO ZRAKU,0,0,1195,1261,540.32,468.32,Label66,8.13,12,12,J. Drmic
115078,LW,UDARAC,UDARAC IZVAN OKVIRA,DESNA NOGA,0,0,1195,1261,540.32,468.32,Label66,8.13,12,12,J. Drmic
102647,RCM,UDARAC,UDARAC IZVAN OKVIRA,PO ZRAKU,0,0,305,86,494.32,406.32,Label67,19.14,9,5,G. Xhaka
102647,RCM,UDARAC,UDARAC IZVAN OKVIRA,LOS,0,0,305,86,494.32,406.32,Label67,19.14,9,5,G. Xhaka
102647,RCM,UDARAC,UDARAC IZVAN OKVIRA,IZ VOLEJA,0,0,305,86,494.32,406.32,Label67,19.14,9,5,G. Xhaka
102647,RCM,UDARAC,UDARAC IZVAN OKVIRA,LIJEVA NOGA,0,0,305,86,494.32,406.32,Label67,19.14,9,5,G. Xhaka
102647,RCM,UDARAC,UDARAC IZVAN OKVIRA,ZONA,0,0,305,86,494.32,406.32,Label67,19.14,9,5,G. Xhaka
39479,RCF,UDARAC,UDARAC U OKVIR,PO ZRAKU,0,0,183,66,399.32,414.32,Label41,9.48,5,5,L. Stindl
39479,RCF,UDARAC,UDARAC U OKVIR,IZ VOLEJA,0,0,183,66,399.32,414.32,Label41,9.48,5,5,L. Stindl
39479,RCF,UDARAC,UDARAC U OKVIR,LIJEVA NOGA,0,0,183,66,399.32,414.32,Label41,9.48,5,5,L. Stindl
156709,RW,UDARAC,UDARAC IZVAN OKVIRA,DESNA NOGA,0,0,136,78,483.32,378.32,Label96,10.13,9,5,T. Hazard
156709,RW,UDARAC,UDARAC IZVAN OKVIRA,PO ZEMLJI,0,0,136,78,483.32,378.32,Label96,10.13,9,5,T. Hazard
11500,LCF,UDARAC,UDARAC U OKVIR,PO ZRAKU,0,0,130,50,513.32,400.32,Label36,11.62,9,5,Raffael
11500,LCF,UDARAC,UDARAC U OKVIR,ODLICAN,0,0,130,50,513.32,400.32,Label36,11.62,9,5,Raffael
11500,LCF,UDARAC,UDARAC U OKVIR,LIJEVA NOGA,0,0,130,50,513.32,400.32,Label36,11.62,9,5,Raffael
175582,LCB,UDARAC,UDARAC IZVAN OKVIRA,PO ZRAKU,0,0,178,76,449.32,465.32,Label56,8.31,5,9,B. Hrgota
175582,LCB,UDARAC,UDARAC IZVAN OKVIRA,GLAVOM,0,0,178,76,449.32,465.32,Label56,8.31,5,9,B. Hrgota
4610,LB,UDARAC,UDARAC U OKVIR,DESNA NOGA,0,0,1095,1270,244.32,435.32,Label40,21.58,8,8,O. Wendt
4610,LB,UDARAC,UDARAC U OKVIR,PO ZEMLJI,0,0,1095,1270,244.32,435.32,Label40,21.58,8,8,O. Wendt
205485,RCM,UDARAC,UDARAC U OKVIR,PO ZEMLJI,0,0,1142,1293,443.32,446.32,Label47,12.13,8,8,M. Dahoud
205485,RCM,UDARAC,UDARAC U OKVIR,DESNA NOGA,0,0,1142,1293,443.32,446.32,Label47,12.13,8,8,M. Dahoud
39479,RCF,UDARAC,UDARAC IZVAN OKVIRA,DESNA NOGA,0,0,985,1272,501.32,466.32,Label51,23.25,11,12,L. Stindl
39479,RCF,UDARAC,UDARAC IZVAN OKVIRA,PO ZRAKU,0,0,985,1272,501.32,466.32,Label51,23.25,11,12,L. Stindl
39479,RCF,UDARAC,UDARAC IZVAN OKVIRA,ZONA,0,0,985,1272,501.32,466.32,Label51,23.25,11,12,L. Stindl
156709,RW,UDARAC,UDARAC IZVAN OKVIRA,DESNA NOGA,0,0,1151,1284,311.32,487.32,Label93,18.48,8,12,T. Hazard
156709,RW,UDARAC,UDARAC IZVAN OKVIRA,PO ZRAKU,0,0,1151,1284,311.32,487.32,Label93,18.48,8,12,T. Hazard
205485,RCM,UDARAC,UDARAC IZVAN OKVIRA,LIJEVA NOGA,0,0,1040,1271,598.32,491.32,Label96,20.7,11,12,M. Dahoud
205485,RCM,UDARAC,UDARAC IZVAN OKVIRA,PO ZEMLJI,0,0,1040,1271,598.32,491.32,Label96,20.7,11,12,M. Dahoud
205485,RCM,UDARAC,UDARAC IZVAN OKVIRA,ZONA,0,0,1040,1271,598.32,491.32,Label96,20.7,11,12,M. Dahoud
205485,RCM,UDARAC,UDARAC IZVAN OKVIRA,DESNA NOGA,0,0,1056,1115,553.32,391.32,Label54,14.67,12,8,M. Dahoud
205485,RCM,UDARAC,UDARAC IZVAN OKVIRA,PO ZRAKU,0,0,1056,1115,553.32,391.32,Label54,14.67,12,8,M. Dahoud
205485,RCM,UDARAC,UDARAC IZVAN OKVIRA,ZONA,0,0,1056,1115,553.32,391.32,Label54,14.67,12,8,M. Dahoud
205485,RCM,UDARAC,UDARAC IZVAN OKVIRA,LOS,0,0,1056,1115,553.32,391.32,Label54,14.67,12,8,M. Dahoud
16087,LCB,UDARAC,UDARAC U OKVIR,GLAVOM,0,0,1215,1266,336.32,391.32,Label32,6.24,8,8,H. Nordtveit
16087,LCB,UDARAC,UDARAC U OKVIR,PO ZRAKU,0,0,1215,1266,336.32,391.32,Label32,6.24,8,8,H. Nordtveit
102647,LCM,UDARAC,UDARAC IZVAN OKVIRA,GLAVOM,0,0,1233,1269,488.32,490.32,Label90,2.89,12,12,G. Xhaka
102647,LCM,UDARAC,UDARAC IZVAN OKVIRA,PO ZRAKU,0,0,1233,1269,488.32,490.32,Label90,2.89,12,12,G. Xhaka
39479,RCF,UDARAC,UDARAC U OKVIR,DESNA NOGA,0,0,261,78,324.32,390.32,Label46,15.75,5,5,L. Stindl
39479,RCF,UDARAC,UDARAC U OKVIR,PO ZEMLJI,0,0,261,78,324.32,390.32,Label46,15.75,5,5,L. Stindl
39479,RCF,UDARAC,UDARAC U OKVIR,ZONA,0,0,261,78,324.32,390.32,Label46,15.75,5,5,L. Stindl
102647,LCM,UDARAC,UDARAC IZVAN OKVIRA,LIJEVA NOGA,0,0,376,73,361.32,369.32,Label96,24.35,6,5,G. Xhaka
102647,LCM,UDARAC,UDARAC IZVAN OKVIRA,PO ZRAKU,0,0,376,73,361.32,369.32,Label96,24.35,6,5,G. Xhaka
102647,LCM,UDARAC,UDARAC IZVAN OKVIRA,ZONA,0,0,376,73,361.32,369.32,Label96,24.35,6,5,G. Xhaka
185121,RB,UDARAC,UDARAC U OKVIR,DESNA NOGA,0,0,180,80,602.32,438.32,Label19,16.19,9,5,J. Hofmann
185121,RB,UDARAC,UDARAC U OKVIR,PO ZRAKU,0,0,180,80,602.32,438.32,Label19,16.19,9,5,J. Hofmann
185121,RB,UDARAC,UDARAC U OKVIR,LOS,0,0,180,80,602.32,438.32,Label19,16.19,9,5,J. Hofmann
156709,RCF,UDARAC,UDARAC U OKVIR,PO ZEMLJI,0,0,134,110,424.32,425.32,Label40,1.93,5,5,T. Hazard
156709,RCF,UDARAC,UDARAC U OKVIR,DESNA NOGA,0,0,134,110,424.32,425.32,Label40,1.93,5,5,T. Hazard
156709,RCF,UDARAC,UDARAC U OKVIR,PO ZRAKU,0,0,127,109,435.32,432.32,Label29,1.46,5,5,T. Hazard
156709,RCF,UDARAC,UDARAC U OKVIR,DESNA NOGA,0,0,127,109,435.32,432.32,Label29,1.46,5,5,T. Hazard
16894,LW,UDARAC,UDARAC IZVAN OKVIRA,PO ZRAKU,0,0,172,142,543.32,513.32,Label65,3.52,9,9,F. Johnson
16894,LW,UDARAC,UDARAC IZVAN OKVIRA,LIJEVA NOGA,0,0,172,142,543.32,513.32,Label65,3.52,9,9,F. Johnson
16894,LW,UDARAC,UDARAC IZVAN OKVIRA,IZ VOLEJA,0,0,172,142,543.32,513.32,Label65,3.52,9,9,F. Johnson
16894,LW,UDARAC,UDARAC IZVAN OKVIRA,LOS,0,0,172,142,543.32,513.32,Label65,3.52,9,9,F. Johnson
11500,LCF,UDARAC,UDARAC U OKVIR,PO ZRAKU,0,0,145,50,510.32,408.32,Label13,11.6,9,5,Raffael
11500,LCF,UDARAC,UDARAC U OKVIR,LIJEVA NOGA,0,0,145,50,510.32,408.32,Label13,11.6,9,5,Raffael
11500,LCF,UDARAC,UDARAC U OKVIR,ODLICAN,0,0,145,50,510.32,408.32,Label13,11.6,9,5,Raffael
156709,RCF,UDARAC,UDARAC U OKVIR,PO ZEMLJI,0,0,229,113,578.32,461.32,Label38,13.69,9,9,T. Hazard
156709,RCF,UDARAC,UDARAC U OKVIR,LIJEVA NOGA,0,0,229,113,578.32,461.32,Label38,13.69,9,9,T. Hazard
156709,RCF,UDARAC,UDARAC U OKVIR,LOS,0,0,229,113,578.32,461.32,Label38,13.69,9,9,T. Hazard
16894,LW,UDARAC,UDARAC U OKVIR,PO ZEMLJI,0,0,1130,1295,500.32,407.32,Label44,15.47,12,8,F. Johnson
16894,LW,UDARAC,UDARAC U OKVIR,DESNA NOGA,0,0,1130,1295,500.32,407.32,Label44,15.47,12,8,F. Johnson
16894,LW,UDARAC,UDARAC U OKVIR,ODLICAN,0,0,1130,1295,500.32,407.32,Label44,15.47,12,8,F. Johnson
205485,RCM,UDARAC,UDARAC U OKVIR,PO ZRAKU,0,0,969,1250,474.32,434.32,Label17,22.83,11,8,M. Dahoud
205485,RCM,UDARAC,UDARAC U OKVIR,LOS,0,0,969,1250,474.32,434.32,Label17,22.83,11,8,M. Dahoud
205485,RCM,UDARAC,UDARAC U OKVIR,ZONA,0,0,969,1250,474.32,434.32,Label17,22.83,11,8,M. Dahoud
205485,RCM,UDARAC,UDARAC U OKVIR,DESNA NOGA,0,0,969,1250,474.32,434.32,Label17,22.83,11,8,M. Dahoud
4610,LB,UDARAC,UDARAC IZVAN OKVIRA,PO ZRAKU,0,0,1100,1283,460.32,485.32,Label94,14.86,12,12,O. Wendt
4610,LB,UDARAC,UDARAC IZVAN OKVIRA,DESNA NOGA,0,0,1100,1283,460.32,485.32,Label94,14.86,12,12,O. Wendt
102647,LCM,UDARAC,UDARAC U OKVIR,PO ZRAKU,0,0,959,1280,461.32,453.32,Label45,25.8,11,12,G. Xhaka
102647,LCM,UDARAC,UDARAC U OKVIR,ODLICAN,0,0,959,1280,461.32,453.32,Label45,25.8,11,12,G. Xhaka
102647,LCM,UDARAC,UDARAC U OKVIR,LIJEVA NOGA,0,0,959,1280,461.32,453.32,Label45,25.8,11,12,G. Xhaka
102647,LCM,UDARAC,UDARAC U OKVIR,ZONA,0,0,959,1280,461.32,453.32,Label45,25.8,11,12,G. Xhaka
156709,RCM,UDARAC,UDARAC U OKVIR,PO ZEMLJI,0,0,1236,1295,423.32,429.32,Label39,4.76,8,8,T. Hazard
156709,RCM,UDARAC,UDARAC U OKVIR,DESNA NOGA,0,0,1236,1295,423.32,429.32,Label39,4.76,8,8,T. Hazard
156709,RCM,UDARAC,UDARAC U OKVIR,ODLICAN,0,0,1236,1295,423.32,429.32,Label39,4.76,8,8,T. Hazard
39479,LCM,UDARAC,UDARAC IZVAN OKVIRA,PO ZEMLJI,0,0,1227,1286,403.32,371.32,Label57,5.47,8,8,L. Stindl
39479,LCM,UDARAC,UDARAC IZVAN OKVIRA,LOS,0,0,1227,1286,403.32,371.32,Label57,5.47,8,8,L. Stindl
39479,LCM,UDARAC,UDARAC IZVAN OKVIRA,LIJEVA NOGA,0,0,1227,1286,403.32,371.32,Label57,5.47,8,8,L. Stindl
156709,RCM,UDARAC,UDARAC U OKVIR,IZ VOLEJA,0,0,1155,1273,422.32,431.32,Label28,9.51,8,8,T. Hazard
156709,RCM,UDARAC,UDARAC U OKVIR,LIJEVA NOGA,0,0,1155,1273,422.32,431.32,Label28,9.51,8,8,T. Hazard
156709,RCM,UDARAC,UDARAC U OKVIR,PO ZRAKU,0,0,1155,1273,422.32,431.32,Label28,9.51,8,8,T. Hazard
39479,LCM,UDARAC,UDARAC IZVAN OKVIRA,PO ZRAKU,0,0,208,63,466.32,480.32,Label59,11.71,9,9,L. Stindl
39479,LCM,UDARAC,UDARAC IZVAN OKVIRA,DESNA NOGA,0,0,208,63,466.32,480.32,Label59,11.71,9,9,L. Stindl
39479,LCM,UDARAC,UDARAC IZVAN OKVIRA,LOS,0,0,208,63,466.32,480.32,Label59,11.71,9,9,L. Stindl
11500,ST,UDARAC,UDARAC IZVAN OKVIRA,PO ZEMLJI,0,0,147,64,565.32,306.32,Label98,23.18,9,5,Raffael
11500,ST,UDARAC,UDARAC IZVAN OKVIRA,LOS,0,0,147,64,565.32,306.32,Label98,23.18,9,5,Raffael
11500,ST,UDARAC,UDARAC IZVAN OKVIRA,LIJEVA NOGA,0,0,147,64,565.32,306.32,Label98,23.18,9,5,Raffael
156709,RCM,UDARAC,UDARAC IZVAN OKVIRA,PO ZRAKU,0,0,224,65,605.32,367.32,Label90,24.07,9,5,T. Hazard
156709,RCM,UDARAC,UDARAC IZVAN OKVIRA,DESNA NOGA,0,0,224,65,605.32,367.32,Label90,24.07,9,5,T. Hazard
11500,ST,UDARAC,UDARAC U OKVIR,PO ZEMLJI,0,0,215,50,428.32,424.32,Label40,13.26,5,5,Raffael
11500,ST,UDARAC,UDARAC U OKVIR,ODLICAN,0,0,215,50,428.32,424.32,Label40,13.26,5,5,Raffael
11500,ST,UDARAC,UDARAC U OKVIR,DESNA NOGA,0,0,215,50,428.32,424.32,Label40,13.26,5,5,Raffael
16894,RW,UDARAC,UDARAC IZVAN OKVIRA,PO ZRAKU,0,0,214,66,272.32,450.32,Label68,19.34,5,9,F. Johnson
16894,RW,UDARAC,UDARAC IZVAN OKVIRA,IZ VOLEJA,0,0,214,66,272.32,450.32,Label68,19.34,5,9,F. Johnson
16894,RW,UDARAC,UDARAC IZVAN OKVIRA,DESNA NOGA,0,0,214,66,272.32,450.32,Label68,19.34,5,9,F. Johnson
101192,RCM,UDARAC,UDARAC U OKVIR,PO ZRAKU,0,0,180,50,292.32,428.32,Label21,15.65,5,5,P. Herrmann
101192,RCM,UDARAC,UDARAC U OKVIR,ODLICAN,0,0,180,50,292.32,428.32,Label21,15.65,5,5,P. Herrmann
101192,RCM,UDARAC,UDARAC U OKVIR,DESNA NOGA,0,0,180,50,292.32,428.32,Label21,15.65,5,5,P. Herrmann
16087,LCB,UDARAC,UDARAC U OKVIR,PO ZEMLJI,0,0,385,65,559.32,444.32,Label32,27.53,10,5,H. Nordtveit
16087,LCB,UDARAC,UDARAC U OKVIR,DESNA NOGA,0,0,385,65,559.32,444.32,Label32,27.53,10,5,H. Nordtveit
16087,LCB,UDARAC,UDARAC U OKVIR,ZONA,0,0,385,65,559.32,444.32,Label32,27.53,10,5,H. Nordtveit
11500,LCF,UDARAC,UDARAC U OKVIR,PO ZRAKU,0,0,125,50,583.32,452.32,Label9,12.74,9,9,Raffael
11500,LCF,UDARAC,UDARAC U OKVIR,ODLICAN,0,0,125,50,583.32,452.32,Label9,12.74,9,9,Raffael
11500,LCF,UDARAC,UDARAC U OKVIR,ZONA,0,0,125,50,583.32,452.32,Label9,12.74,9,9,Raffael
11500,LCF,UDARAC,UDARAC U OKVIR,DESNA NOGA,0,0,125,50,583.32,452.32,Label9,12.74,9,9,Raffael
16894,RW,UDARAC,UDARAC U OKVIR,PO ZRAKU,0,0,163,111,322.32,373.32,Label41,6.04,5,5,F. Johnson
16894,RW,UDARAC,UDARAC U OKVIR,LOS,0,0,163,111,322.32,373.32,Label41,6.04,5,5,F. Johnson
16894,RW,UDARAC,UDARAC U OKVIR,ZONA,0,0,163,111,322.32,373.32,Label41,6.04,5,5,F. Johnson
16894,RW,UDARAC,UDARAC U OKVIR,DESNA NOGA,0,0,163,111,322.32,373.32,Label41,6.04,5,5,F. Johnson
205485,RCM,UDARAC,UDARAC U OKVIR,PO ZRAKU,0,0,451,94,465.32,421.32,Label27,28.93,10,5,M. Dahoud
205485,RCM,UDARAC,UDARAC U OKVIR,LOS,0,0,451,94,465.32,421.32,Label27,28.93,10,5,M. Dahoud
205485,RCM,UDARAC,UDARAC U OKVIR,ZONA,0,0,451,94,465.32,421.32,Label27,28.93,10,5,M. Dahoud
205485,RCM,UDARAC,UDARAC U OKVIR,DESNA NOGA,0,0,451,94,465.32,421.32,Label27,28.93,10,5,M. Dahoud
11500,LCF,UDARAC,UDARAC U OKVIR,PO ZRAKU,0,0,310,98,320.32,372.32,Label45,17.6,5,5,Raffael
11500,LCF,UDARAC,UDARAC U OKVIR,LOS,0,0,310,98,320.32,372.32,Label45,17.6,5,5,Raffael
11500,LCF,UDARAC,UDARAC U OKVIR,ZONA,0,0,310,98,320.32,372.32,Label45,17.6,5,5,Raffael
11500,LCF,UDARAC,UDARAC U OKVIR,DESNA NOGA,0,0,310,98,320.32,372.32,Label45,17.6,5,5,Raffael
11500,LCF,UDARAC,UDARAC IZVAN OKVIRA,PO ZRAKU,0,0,254,58,575.32,323.32,Label97,26.73,9,5,Raffael
11500,LCF,UDARAC,UDARAC IZVAN OKVIRA,LOS,0,0,254,58,575.32,323.32,Label97,26.73,9,5,Raffael
11500,LCF,UDARAC,UDARAC IZVAN OKVIRA,ZONA,0,0,254,58,575.32,323.32,Label97,26.73,9,5,Raffael
11500,LCF,UDARAC,UDARAC IZVAN OKVIRA,DESNA NOGA,0,0,254,58,575.32,323.32,Label97,26.73,9,5,Raffael
39479,RCF,UDARAC,UDARAC U OKVIR,PO ZRAKU,0,0,1122,1261,542.32,448.32,Label24,13.77,12,8,L. Stindl
39479,RCF,UDARAC,UDARAC U OKVIR,ODLICAN,0,0,1122,1261,542.32,448.32,Label24,13.77,12,8,L. Stindl
39479,RCF,UDARAC,UDARAC U OKVIR,ZONA,0,0,1122,1261,542.32,448.32,Label24,13.77,12,8,L. Stindl
39479,RCF,UDARAC,UDARAC U OKVIR,DESNA NOGA,0,0,1122,1261,542.32,448.32,Label24,13.77,12,8,L. Stindl
11500,LCF,UDARAC,UDARAC U OKVIR,PO ZEMLJI,0,0,1105,1260,372.32,421.32,Label41,13.14,8,8,Raffael
11500,LCF,UDARAC,UDARAC U OKVIR,LOS,0,0,1105,1260,372.32,421.32,Label41,13.14,8,8,Raffael
11500,LCF,UDARAC,UDARAC U OKVIR,IZ VOLEJA,0,0,1105,1260,372.32,421.32,Label41,13.14,8,8,Raffael
11500,LCF,UDARAC,UDARAC U OKVIR,ZONA,0,0,1105,1260,372.32,421.32,Label41,13.14,8,8,Raffael
11500,LCF,UDARAC,UDARAC U OKVIR,DESNA NOGA,0,0,1105,1260,372.32,421.32,Label41,13.14,8,8,Raffael
101192,RCM,UDARAC,UDARAC IZVAN OKVIRA,PO ZRAKU,0,0,1118,1280,450.32,474.32,Label51,13.17,12,12,P. Herrmann
101192,RCM,UDARAC,UDARAC IZVAN OKVIRA,LOS,0,0,1118,1280,450.32,474.32,Label51,13.17,12,12,P. Herrmann
101192,RCM,UDARAC,UDARAC IZVAN OKVIRA,ZONA,0,0,1118,1280,450.32,474.32,Label51,13.17,12,12,P. Herrmann
101192,RCM,UDARAC,UDARAC IZVAN OKVIRA,DESNA NOGA,0,0,1118,1280,450.32,474.32,Label51,13.17,12,12,P. Herrmann
