,gameID,actionID,away,home,totalActions,awayTeam,homeTeam
0,6258,2,9.0,4.0,13.0,Eintracht Frankfurt,TSG 1899 Hoffenheim
1,6258,3,3.0,0.0,3.0,Eintracht Frankfurt,TSG 1899 Hoffenheim
2,6258,4,17.0,2.0,19.0,Eintracht Frankfurt,TSG 1899 Hoffenheim
3,6258,6,8.0,7.0,15.0,Eintracht Frankfurt,TSG 1899 Hoffenheim
4,6258,7,13.0,13.0,26.0,Eintracht Frankfurt,TSG 1899 Hoffenheim
5,6258,10,3.0,1.0,4.0,Eintracht Frankfurt,TSG 1899 Hoffenheim
6,6258,11,6.0,5.0,11.0,Eintracht Frankfurt,TSG 1899 Hoffenheim
7,6258,13,1.0,3.0,4.0,Eintracht Frankfurt,TSG 1899 Hoffenheim
8,6258,15,76.0,88.0,164.0,Eintracht Frankfurt,TSG 1899 Hoffenheim
9,6258,17,5.0,21.0,26.0,Eintracht Frankfurt,TSG 1899 Hoffenheim
10,6258,18,25.0,17.0,42.0,Eintracht Frankfurt,TSG 1899 Hoffenheim
11,6258,19,34.0,20.0,54.0,Eintracht Frankfurt,TSG 1899 Hoffenheim
12,6258,21,3.0,1.0,4.0,Eintracht Frankfurt,TSG 1899 Hoffenheim
13,6258,22,11.0,13.0,24.0,Eintracht Frankfurt,TSG 1899 Hoffenheim
14,6258,23,7.0,3.0,10.0,Eintracht Frankfurt,TSG 1899 Hoffenheim
15,6258,30,52.0,24.0,76.0,Eintracht Frankfurt,TSG 1899 Hoffenheim
16,6258,31,9.0,2.0,11.0,Eintracht Frankfurt,TSG 1899 Hoffenheim
17,6258,32,4.0,1.0,5.0,Eintracht Frankfurt,TSG 1899 Hoffenheim
18,6258,33,4.0,5.0,9.0,Eintracht Frankfurt,TSG 1899 Hoffenheim
19,6258,63,1.0,0.0,1.0,Eintracht Frankfurt,TSG 1899 Hoffenheim
20,6258,64,2.0,0.0,2.0,Eintracht Frankfurt,TSG 1899 Hoffenheim
21,6258,65,5.0,4.0,9.0,Eintracht Frankfurt,TSG 1899 Hoffenheim
22,6258,75,5.0,4.0,9.0,Eintracht Frankfurt,TSG 1899 Hoffenheim
23,6258,111,0.0,1.0,1.0,Eintracht Frankfurt,TSG 1899 Hoffenheim
24,6258,114,0.0,1.0,1.0,Eintracht Frankfurt,TSG 1899 Hoffenheim
25,6258,115,4.0,1.0,5.0,Eintracht Frankfurt,TSG 1899 Hoffenheim
26,6258,116,2.0,0.0,2.0,Eintracht Frankfurt,TSG 1899 Hoffenheim
27,6258,117,5.0,1.0,6.0,Eintracht Frankfurt,TSG 1899 Hoffenheim
28,6258,118,6.0,1.0,7.0,Eintracht Frankfurt,TSG 1899 Hoffenheim
29,6258,211,51.0,73.0,124.0,Eintracht Frankfurt,TSG 1899 Hoffenheim
30,6258,212,2.0,3.0,5.0,Eintracht Frankfurt,TSG 1899 Hoffenheim
31,6258,213,7.0,20.0,27.0,Eintracht Frankfurt,TSG 1899 Hoffenheim
32,6258,214,2.0,0.0,2.0,Eintracht Frankfurt,TSG 1899 Hoffenheim
33,6258,218,22.0,33.0,55.0,Eintracht Frankfurt,TSG 1899 Hoffenheim
34,6258,220,0.0,1.0,1.0,Eintracht Frankfurt,TSG 1899 Hoffenheim
35,6258,232,15.0,25.0,40.0,Eintracht Frankfurt,TSG 1899 Hoffenheim
36,6258,247,512.0,537.0,1049.0,Eintracht Frankfurt,TSG 1899 Hoffenheim
37,6258,248,112.0,107.0,219.0,Eintracht Frankfurt,TSG 1899 Hoffenheim
38,6258,260,3.0,1.0,4.0,Eintracht Frankfurt,TSG 1899 Hoffenheim
39,6258,261,8.0,11.0,19.0,Eintracht Frankfurt,TSG 1899 Hoffenheim
40,6258,262,3.0,4.0,7.0,Eintracht Frankfurt,TSG 1899 Hoffenheim
41,6258,274,7.0,2.0,9.0,Eintracht Frankfurt,TSG 1899 Hoffenheim
42,6258,275,7.0,8.0,15.0,Eintracht Frankfurt,TSG 1899 Hoffenheim
43,6258,276,2.0,0.0,2.0,Eintracht Frankfurt,TSG 1899 Hoffenheim
44,6258,343,2.0,0.0,2.0,Eintracht Frankfurt,TSG 1899 Hoffenheim
45,6258,371,24.0,21.0,45.0,Eintracht Frankfurt,TSG 1899 Hoffenheim
46,6258,375,6.0,5.0,11.0,Eintracht Frankfurt,TSG 1899 Hoffenheim
47,6261,2,5.0,6.0,11.0,FC Ingolstadt 04,Borussia Mgladbach
48,6261,4,7.0,8.0,15.0,FC Ingolstadt 04,Borussia Mgladbach
49,6261,6,5.0,16.0,21.0,FC Ingolstadt 04,Borussia Mgladbach
50,6261,7,10.0,9.0,19.0,FC Ingolstadt 04,Borussia Mgladbach
51,6261,10,6.0,3.0,9.0,FC Ingolstadt 04,Borussia Mgladbach
52,6261,11,5.0,3.0,8.0,FC Ingolstadt 04,Borussia Mgladbach
53,6261,13,4.0,3.0,7.0,FC Ingolstadt 04,Borussia Mgladbach
54,6261,15,47.0,61.0,108.0,FC Ingolstadt 04,Borussia Mgladbach
55,6261,17,10.0,5.0,15.0,FC Ingolstadt 04,Borussia Mgladbach
56,6261,18,9.0,7.0,16.0,FC Ingolstadt 04,Borussia Mgladbach
57,6261,19,86.0,70.0,156.0,FC Ingolstadt 04,Borussia Mgladbach
58,6261,21,2.0,1.0,3.0,FC Ingolstadt 04,Borussia Mgladbach
59,6261,22,17.0,17.0,34.0,FC Ingolstadt 04,Borussia Mgladbach
60,6261,23,5.0,7.0,12.0,FC Ingolstadt 04,Borussia Mgladbach
61,6261,30,31.0,25.0,56.0,FC Ingolstadt 04,Borussia Mgladbach
62,6261,31,2.0,6.0,8.0,FC Ingolstadt 04,Borussia Mgladbach
63,6261,32,1.0,1.0,2.0,FC Ingolstadt 04,Borussia Mgladbach
64,6261,33,2.0,1.0,3.0,FC Ingolstadt 04,Borussia Mgladbach
65,6261,63,0.0,1.0,1.0,FC Ingolstadt 04,Borussia Mgladbach
66,6261,65,0.0,4.0,4.0,FC Ingolstadt 04,Borussia Mgladbach
67,6261,75,4.0,4.0,8.0,FC Ingolstadt 04,Borussia Mgladbach
68,6261,79,3.0,3.0,6.0,FC Ingolstadt 04,Borussia Mgladbach
69,6261,80,3.0,1.0,4.0,FC Ingolstadt 04,Borussia Mgladbach
70,6261,115,1.0,4.0,5.0,FC Ingolstadt 04,Borussia Mgladbach
71,6261,116,0.0,1.0,1.0,FC Ingolstadt 04,Borussia Mgladbach
72,6261,117,1.0,0.0,1.0,FC Ingolstadt 04,Borussia Mgladbach
73,6261,118,2.0,1.0,3.0,FC Ingolstadt 04,Borussia Mgladbach
74,6261,211,88.0,80.0,168.0,FC Ingolstadt 04,Borussia Mgladbach
75,6261,212,3.0,3.0,6.0,FC Ingolstadt 04,Borussia Mgladbach
76,6261,213,14.0,6.0,20.0,FC Ingolstadt 04,Borussia Mgladbach
77,6261,214,1.0,0.0,1.0,FC Ingolstadt 04,Borussia Mgladbach
78,6261,232,31.0,23.0,54.0,FC Ingolstadt 04,Borussia Mgladbach
79,6261,247,252.0,380.0,632.0,FC Ingolstadt 04,Borussia Mgladbach
80,6261,248,163.0,178.0,341.0,FC Ingolstadt 04,Borussia Mgladbach
81,6261,260,3.0,4.0,7.0,FC Ingolstadt 04,Borussia Mgladbach
82,6261,261,16.0,13.0,29.0,FC Ingolstadt 04,Borussia Mgladbach
83,6261,262,10.0,2.0,12.0,FC Ingolstadt 04,Borussia Mgladbach
84,6261,274,2.0,4.0,6.0,FC Ingolstadt 04,Borussia Mgladbach
85,6261,275,8.0,6.0,14.0,FC Ingolstadt 04,Borussia Mgladbach
86,6261,276,0.0,1.0,1.0,FC Ingolstadt 04,Borussia Mgladbach
87,6261,371,21.0,32.0,53.0,FC Ingolstadt 04,Borussia Mgladbach
88,6261,375,2.0,0.0,2.0,FC Ingolstadt 04,Borussia Mgladbach
89,6307,1,1.0,2.0,3.0,Hannover 96,Borussia Mgladbach
90,6307,2,11.0,19.0,30.0,Hannover 96,Borussia Mgladbach
91,6307,3,5.0,9.0,14.0,Hannover 96,Borussia Mgladbach
92,6307,4,6.0,4.0,10.0,Hannover 96,Borussia Mgladbach
93,6307,6,9.0,17.0,26.0,Hannover 96,Borussia Mgladbach
94,6307,7,38.0,17.0,55.0,Hannover 96,Borussia Mgladbach
95,6307,10,1.0,1.0,2.0,Hannover 96,Borussia Mgladbach
96,6307,11,8.0,6.0,14.0,Hannover 96,Borussia Mgladbach
97,6307,12,6.0,2.0,8.0,Hannover 96,Borussia Mgladbach
98,6307,13,12.0,4.0,16.0,Hannover 96,Borussia Mgladbach
99,6307,15,85.0,51.0,136.0,Hannover 96,Borussia Mgladbach
100,6307,17,34.0,17.0,51.0,Hannover 96,Borussia Mgladbach
101,6307,18,9.0,13.0,22.0,Hannover 96,Borussia Mgladbach
102,6307,19,22.0,29.0,51.0,Hannover 96,Borussia Mgladbach
103,6307,21,2.0,0.0,2.0,Hannover 96,Borussia Mgladbach
104,6307,22,10.0,11.0,21.0,Hannover 96,Borussia Mgladbach
105,6307,23,9.0,10.0,19.0,Hannover 96,Borussia Mgladbach
106,6307,30,35.0,61.0,96.0,Hannover 96,Borussia Mgladbach
107,6307,31,8.0,9.0,17.0,Hannover 96,Borussia Mgladbach
108,6307,32,1.0,0.0,1.0,Hannover 96,Borussia Mgladbach
109,6307,33,1.0,2.0,3.0,Hannover 96,Borussia Mgladbach
110,6307,63,2.0,0.0,2.0,Hannover 96,Borussia Mgladbach
111,6307,75,1.0,5.0,6.0,Hannover 96,Borussia Mgladbach
112,6307,79,6.0,2.0,8.0,Hannover 96,Borussia Mgladbach
113,6307,80,4.0,0.0,4.0,Hannover 96,Borussia Mgladbach
114,6307,114,1.0,0.0,1.0,Hannover 96,Borussia Mgladbach
115,6307,115,4.0,1.0,5.0,Hannover 96,Borussia Mgladbach
116,6307,116,1.0,0.0,1.0,Hannover 96,Borussia Mgladbach
117,6307,117,3.0,5.0,8.0,Hannover 96,Borussia Mgladbach
118,6307,118,4.0,5.0,9.0,Hannover 96,Borussia Mgladbach
119,6307,156,1.0,2.0,3.0,Hannover 96,Borussia Mgladbach
120,6307,211,87.0,89.0,176.0,Hannover 96,Borussia Mgladbach
121,6307,212,3.0,3.0,6.0,Hannover 96,Borussia Mgladbach
122,6307,213,24.0,14.0,38.0,Hannover 96,Borussia Mgladbach
123,6307,214,0.0,1.0,1.0,Hannover 96,Borussia Mgladbach
124,6307,215,1.0,2.0,3.0,Hannover 96,Borussia Mgladbach
125,6307,218,45.0,29.0,74.0,Hannover 96,Borussia Mgladbach
126,6307,220,0.0,1.0,1.0,Hannover 96,Borussia Mgladbach
127,6307,232,31.0,14.0,45.0,Hannover 96,Borussia Mgladbach
128,6307,247,345.0,588.0,933.0,Hannover 96,Borussia Mgladbach
129,6307,248,131.0,148.0,279.0,Hannover 96,Borussia Mgladbach
130,6307,260,4.0,12.0,16.0,Hannover 96,Borussia Mgladbach
131,6307,261,12.0,12.0,24.0,Hannover 96,Borussia Mgladbach
132,6307,262,2.0,5.0,7.0,Hannover 96,Borussia Mgladbach
133,6307,274,6.0,6.0,12.0,Hannover 96,Borussia Mgladbach
134,6307,275,4.0,3.0,7.0,Hannover 96,Borussia Mgladbach
135,6307,276,1.0,0.0,1.0,Hannover 96,Borussia Mgladbach
136,6307,320,5.0,2.0,7.0,Hannover 96,Borussia Mgladbach
137,6307,342,0.0,2.0,2.0,Hannover 96,Borussia Mgladbach
138,6307,343,0.0,3.0,3.0,Hannover 96,Borussia Mgladbach
139,6307,352,1.0,2.0,3.0,Hannover 96,Borussia Mgladbach
140,6307,353,2.0,1.0,3.0,Hannover 96,Borussia Mgladbach
141,6307,367,0.0,1.0,1.0,Hannover 96,Borussia Mgladbach
142,6307,371,31.0,26.0,57.0,Hannover 96,Borussia Mgladbach
143,6307,375,5.0,2.0,7.0,Hannover 96,Borussia Mgladbach
144,6308,1,3.0,1.0,4.0,Bayer 04 Leverkusen,Eintracht Frankfurt
145,6308,2,13.0,5.0,18.0,Bayer 04 Leverkusen,Eintracht Frankfurt
146,6308,3,2.0,1.0,3.0,Bayer 04 Leverkusen,Eintracht Frankfurt
147,6308,4,5.0,8.0,13.0,Bayer 04 Leverkusen,Eintracht Frankfurt
148,6308,6,8.0,10.0,18.0,Bayer 04 Leverkusen,Eintracht Frankfurt
149,6308,7,23.0,31.0,54.0,Bayer 04 Leverkusen,Eintracht Frankfurt
150,6308,10,1.0,2.0,3.0,Bayer 04 Leverkusen,Eintracht Frankfurt
151,6308,11,6.0,10.0,16.0,Bayer 04 Leverkusen,Eintracht Frankfurt
152,6308,12,8.0,4.0,12.0,Bayer 04 Leverkusen,Eintracht Frankfurt
153,6308,13,3.0,8.0,11.0,Bayer 04 Leverkusen,Eintracht Frankfurt
154,6308,15,202.0,175.0,377.0,Bayer 04 Leverkusen,Eintracht Frankfurt
155,6308,17,19.0,11.0,30.0,Bayer 04 Leverkusen,Eintracht Frankfurt
156,6308,18,21.0,23.0,44.0,Bayer 04 Leverkusen,Eintracht Frankfurt
157,6308,19,34.0,28.0,62.0,Bayer 04 Leverkusen,Eintracht Frankfurt
158,6308,21,0.0,1.0,1.0,Bayer 04 Leverkusen,Eintracht Frankfurt
159,6308,22,15.0,19.0,34.0,Bayer 04 Leverkusen,Eintracht Frankfurt
160,6308,23,6.0,5.0,11.0,Bayer 04 Leverkusen,Eintracht Frankfurt
161,6308,28,0.0,1.0,1.0,Bayer 04 Leverkusen,Eintracht Frankfurt
162,6308,30,44.0,24.0,68.0,Bayer 04 Leverkusen,Eintracht Frankfurt
163,6308,31,10.0,1.0,11.0,Bayer 04 Leverkusen,Eintracht Frankfurt
164,6308,32,2.0,3.0,5.0,Bayer 04 Leverkusen,Eintracht Frankfurt
165,6308,33,3.0,3.0,6.0,Bayer 04 Leverkusen,Eintracht Frankfurt
166,6308,63,0.0,1.0,1.0,Bayer 04 Leverkusen,Eintracht Frankfurt
167,6308,75,6.0,7.0,13.0,Bayer 04 Leverkusen,Eintracht Frankfurt
168,6308,79,4.0,0.0,4.0,Bayer 04 Leverkusen,Eintracht Frankfurt
169,6308,80,3.0,6.0,9.0,Bayer 04 Leverkusen,Eintracht Frankfurt
170,6308,114,1.0,0.0,1.0,Bayer 04 Leverkusen,Eintracht Frankfurt
171,6308,115,3.0,0.0,3.0,Bayer 04 Leverkusen,Eintracht Frankfurt
172,6308,116,2.0,0.0,2.0,Bayer 04 Leverkusen,Eintracht Frankfurt
173,6308,117,5.0,0.0,5.0,Bayer 04 Leverkusen,Eintracht Frankfurt
174,6308,118,2.0,0.0,2.0,Bayer 04 Leverkusen,Eintracht Frankfurt
175,6308,156,3.0,1.0,4.0,Bayer 04 Leverkusen,Eintracht Frankfurt
176,6308,211,101.0,92.0,193.0,Bayer 04 Leverkusen,Eintracht Frankfurt
177,6308,212,3.0,3.0,6.0,Bayer 04 Leverkusen,Eintracht Frankfurt
178,6308,213,18.0,8.0,26.0,Bayer 04 Leverkusen,Eintracht Frankfurt
179,6308,214,0.0,1.0,1.0,Bayer 04 Leverkusen,Eintracht Frankfurt
180,6308,216,1.0,0.0,1.0,Bayer 04 Leverkusen,Eintracht Frankfurt
181,6308,218,43.0,51.0,94.0,Bayer 04 Leverkusen,Eintracht Frankfurt
182,6308,232,22.0,24.0,46.0,Bayer 04 Leverkusen,Eintracht Frankfurt
183,6308,247,421.0,238.0,659.0,Bayer 04 Leverkusen,Eintracht Frankfurt
184,6308,248,135.0,138.0,273.0,Bayer 04 Leverkusen,Eintracht Frankfurt
185,6308,260,8.0,3.0,11.0,Bayer 04 Leverkusen,Eintracht Frankfurt
186,6308,261,10.0,11.0,21.0,Bayer 04 Leverkusen,Eintracht Frankfurt
187,6308,262,3.0,4.0,7.0,Bayer 04 Leverkusen,Eintracht Frankfurt
188,6308,274,6.0,0.0,6.0,Bayer 04 Leverkusen,Eintracht Frankfurt
189,6308,275,12.0,7.0,19.0,Bayer 04 Leverkusen,Eintracht Frankfurt
190,6308,320,1.0,5.0,6.0,Bayer 04 Leverkusen,Eintracht Frankfurt
191,6308,342,3.0,1.0,4.0,Bayer 04 Leverkusen,Eintracht Frankfurt
192,6308,343,5.0,1.0,6.0,Bayer 04 Leverkusen,Eintracht Frankfurt
193,6308,352,3.0,1.0,4.0,Bayer 04 Leverkusen,Eintracht Frankfurt
194,6308,353,3.0,1.0,4.0,Bayer 04 Leverkusen,Eintracht Frankfurt
195,6308,367,2.0,0.0,2.0,Bayer 04 Leverkusen,Eintracht Frankfurt
196,6308,371,28.0,27.0,55.0,Bayer 04 Leverkusen,Eintracht Frankfurt
197,6308,375,5.0,5.0,10.0,Bayer 04 Leverkusen,Eintracht Frankfurt
198,6347,1,2.0,4.0,6.0,Sevilla CF,Borussia Mgladbach
199,6347,2,10.0,5.0,15.0,Sevilla CF,Borussia Mgladbach
200,6347,3,3.0,3.0,6.0,Sevilla CF,Borussia Mgladbach
201,6347,4,15.0,4.0,19.0,Sevilla CF,Borussia Mgladbach
202,6347,6,11.0,5.0,16.0,Sevilla CF,Borussia Mgladbach
203,6347,7,22.0,20.0,42.0,Sevilla CF,Borussia Mgladbach
204,6347,10,1.0,2.0,3.0,Sevilla CF,Borussia Mgladbach
205,6347,11,6.0,10.0,16.0,Sevilla CF,Borussia Mgladbach
206,6347,12,2.0,2.0,4.0,Sevilla CF,Borussia Mgladbach
207,6347,13,6.0,8.0,14.0,Sevilla CF,Borussia Mgladbach
208,6347,15,99.0,79.0,178.0,Sevilla CF,Borussia Mgladbach
209,6347,17,11.0,19.0,30.0,Sevilla CF,Borussia Mgladbach
210,6347,18,24.0,31.0,55.0,Sevilla CF,Borussia Mgladbach
211,6347,19,46.0,28.0,74.0,Sevilla CF,Borussia Mgladbach
212,6347,20,1.0,0.0,1.0,Sevilla CF,Borussia Mgladbach
213,6347,22,9.0,3.0,12.0,Sevilla CF,Borussia Mgladbach
214,6347,23,5.0,2.0,7.0,Sevilla CF,Borussia Mgladbach
215,6347,30,62.0,88.0,150.0,Sevilla CF,Borussia Mgladbach
216,6347,31,9.0,13.0,22.0,Sevilla CF,Borussia Mgladbach
217,6347,32,1.0,5.0,6.0,Sevilla CF,Borussia Mgladbach
218,6347,33,1.0,1.0,2.0,Sevilla CF,Borussia Mgladbach
219,6347,52,1.0,0.0,1.0,Sevilla CF,Borussia Mgladbach
220,6347,62,1.0,0.0,1.0,Sevilla CF,Borussia Mgladbach
221,6347,63,1.0,0.0,1.0,Sevilla CF,Borussia Mgladbach
222,6347,64,1.0,1.0,2.0,Sevilla CF,Borussia Mgladbach
223,6347,65,2.0,4.0,6.0,Sevilla CF,Borussia Mgladbach
224,6347,75,4.0,2.0,6.0,Sevilla CF,Borussia Mgladbach
225,6347,79,1.0,1.0,2.0,Sevilla CF,Borussia Mgladbach
226,6347,80,2.0,2.0,4.0,Sevilla CF,Borussia Mgladbach
227,6347,111,1.0,0.0,1.0,Sevilla CF,Borussia Mgladbach
228,6347,114,1.0,1.0,2.0,Sevilla CF,Borussia Mgladbach
229,6347,115,4.0,7.0,11.0,Sevilla CF,Borussia Mgladbach
230,6347,116,0.0,1.0,1.0,Sevilla CF,Borussia Mgladbach
231,6347,117,2.0,2.0,4.0,Sevilla CF,Borussia Mgladbach
232,6347,118,2.0,5.0,7.0,Sevilla CF,Borussia Mgladbach
233,6347,156,2.0,4.0,6.0,Sevilla CF,Borussia Mgladbach
234,6347,211,77.0,75.0,152.0,Sevilla CF,Borussia Mgladbach
235,6347,212,3.0,3.0,6.0,Sevilla CF,Borussia Mgladbach
236,6347,213,20.0,11.0,31.0,Sevilla CF,Borussia Mgladbach
237,6347,218,23.0,28.0,51.0,Sevilla CF,Borussia Mgladbach
238,6347,220,3.0,3.0,6.0,Sevilla CF,Borussia Mgladbach
239,6347,232,9.0,28.0,37.0,Sevilla CF,Borussia Mgladbach
240,6347,247,449.0,392.0,841.0,Sevilla CF,Borussia Mgladbach
241,6347,248,139.0,114.0,253.0,Sevilla CF,Borussia Mgladbach
242,6347,260,8.0,6.0,14.0,Sevilla CF,Borussia Mgladbach
243,6347,261,5.0,1.0,6.0,Sevilla CF,Borussia Mgladbach
244,6347,262,6.0,9.0,15.0,Sevilla CF,Borussia Mgladbach
245,6347,274,6.0,8.0,14.0,Sevilla CF,Borussia Mgladbach
246,6347,275,18.0,5.0,23.0,Sevilla CF,Borussia Mgladbach
247,6347,276,0.0,1.0,1.0,Sevilla CF,Borussia Mgladbach
248,6347,320,10.0,3.0,13.0,Sevilla CF,Borussia Mgladbach
249,6347,342,1.0,4.0,5.0,Sevilla CF,Borussia Mgladbach
250,6347,343,5.0,2.0,7.0,Sevilla CF,Borussia Mgladbach
251,6347,352,2.0,4.0,6.0,Sevilla CF,Borussia Mgladbach
252,6347,353,2.0,4.0,6.0,Sevilla CF,Borussia Mgladbach
253,6347,367,0.0,3.0,3.0,Sevilla CF,Borussia Mgladbach
254,6347,371,30.0,27.0,57.0,Sevilla CF,Borussia Mgladbach
255,6347,375,2.0,11.0,13.0,Sevilla CF,Borussia Mgladbach
256,6364,1,3.0,3.0,6.0,Borussia Mgladbach,TSG 1899 Hoffenheim
257,6364,2,8.0,9.0,17.0,Borussia Mgladbach,TSG 1899 Hoffenheim
258,6364,3,16.0,19.0,35.0,Borussia Mgladbach,TSG 1899 Hoffenheim
259,6364,4,8.0,1.0,9.0,Borussia Mgladbach,TSG 1899 Hoffenheim
260,6364,6,6.0,8.0,14.0,Borussia Mgladbach,TSG 1899 Hoffenheim
261,6364,7,21.0,26.0,47.0,Borussia Mgladbach,TSG 1899 Hoffenheim
262,6364,10,1.0,2.0,3.0,Borussia Mgladbach,TSG 1899 Hoffenheim
263,6364,11,6.0,17.0,23.0,Borussia Mgladbach,TSG 1899 Hoffenheim
264,6364,12,0.0,6.0,6.0,Borussia Mgladbach,TSG 1899 Hoffenheim
265,6364,13,8.0,6.0,14.0,Borussia Mgladbach,TSG 1899 Hoffenheim
266,6364,15,101.0,94.0,195.0,Borussia Mgladbach,TSG 1899 Hoffenheim
267,6364,17,24.0,22.0,46.0,Borussia Mgladbach,TSG 1899 Hoffenheim
268,6364,18,18.0,27.0,45.0,Borussia Mgladbach,TSG 1899 Hoffenheim
269,6364,19,55.0,26.0,81.0,Borussia Mgladbach,TSG 1899 Hoffenheim
270,6364,21,0.0,1.0,1.0,Borussia Mgladbach,TSG 1899 Hoffenheim
271,6364,22,10.0,14.0,24.0,Borussia Mgladbach,TSG 1899 Hoffenheim
272,6364,23,6.0,10.0,16.0,Borussia Mgladbach,TSG 1899 Hoffenheim
273,6364,26,0.0,1.0,1.0,Borussia Mgladbach,TSG 1899 Hoffenheim
274,6364,30,50.0,52.0,102.0,Borussia Mgladbach,TSG 1899 Hoffenheim
275,6364,31,8.0,6.0,14.0,Borussia Mgladbach,TSG 1899 Hoffenheim
276,6364,32,7.0,4.0,11.0,Borussia Mgladbach,TSG 1899 Hoffenheim
277,6364,33,1.0,2.0,3.0,Borussia Mgladbach,TSG 1899 Hoffenheim
278,6364,52,1.0,0.0,1.0,Borussia Mgladbach,TSG 1899 Hoffenheim
279,6364,63,0.0,2.0,2.0,Borussia Mgladbach,TSG 1899 Hoffenheim
280,6364,64,0.0,2.0,2.0,Borussia Mgladbach,TSG 1899 Hoffenheim
281,6364,65,7.0,2.0,9.0,Borussia Mgladbach,TSG 1899 Hoffenheim
282,6364,75,4.0,1.0,5.0,Borussia Mgladbach,TSG 1899 Hoffenheim
283,6364,79,1.0,0.0,1.0,Borussia Mgladbach,TSG 1899 Hoffenheim
284,6364,80,0.0,2.0,2.0,Borussia Mgladbach,TSG 1899 Hoffenheim
285,6364,114,0.0,1.0,1.0,Borussia Mgladbach,TSG 1899 Hoffenheim
286,6364,115,3.0,2.0,5.0,Borussia Mgladbach,TSG 1899 Hoffenheim
287,6364,117,2.0,1.0,3.0,Borussia Mgladbach,TSG 1899 Hoffenheim
288,6364,118,0.0,2.0,2.0,Borussia Mgladbach,TSG 1899 Hoffenheim
289,6364,156,3.0,3.0,6.0,Borussia Mgladbach,TSG 1899 Hoffenheim
290,6364,211,104.0,115.0,219.0,Borussia Mgladbach,TSG 1899 Hoffenheim
291,6364,212,3.0,2.0,5.0,Borussia Mgladbach,TSG 1899 Hoffenheim
292,6364,213,19.0,10.0,29.0,Borussia Mgladbach,TSG 1899 Hoffenheim
293,6364,214,0.0,2.0,2.0,Borussia Mgladbach,TSG 1899 Hoffenheim
294,6364,218,34.0,39.0,73.0,Borussia Mgladbach,TSG 1899 Hoffenheim
295,6364,232,27.0,25.0,52.0,Borussia Mgladbach,TSG 1899 Hoffenheim
296,6364,247,625.0,244.0,869.0,Borussia Mgladbach,TSG 1899 Hoffenheim
297,6364,248,163.0,168.0,331.0,Borussia Mgladbach,TSG 1899 Hoffenheim
298,6364,260,6.0,8.0,14.0,Borussia Mgladbach,TSG 1899 Hoffenheim
299,6364,261,10.0,13.0,23.0,Borussia Mgladbach,TSG 1899 Hoffenheim
300,6364,262,3.0,5.0,8.0,Borussia Mgladbach,TSG 1899 Hoffenheim
301,6364,274,5.0,3.0,8.0,Borussia Mgladbach,TSG 1899 Hoffenheim
302,6364,275,8.0,7.0,15.0,Borussia Mgladbach,TSG 1899 Hoffenheim
303,6364,320,4.0,6.0,10.0,Borussia Mgladbach,TSG 1899 Hoffenheim
304,6364,342,3.0,2.0,5.0,Borussia Mgladbach,TSG 1899 Hoffenheim
305,6364,343,1.0,2.0,3.0,Borussia Mgladbach,TSG 1899 Hoffenheim
306,6364,352,4.0,2.0,6.0,Borussia Mgladbach,TSG 1899 Hoffenheim
307,6364,353,3.0,3.0,6.0,Borussia Mgladbach,TSG 1899 Hoffenheim
308,6364,367,3.0,1.0,4.0,Borussia Mgladbach,TSG 1899 Hoffenheim
309,6364,371,40.0,22.0,62.0,Borussia Mgladbach,TSG 1899 Hoffenheim
310,6364,375,6.0,3.0,9.0,Borussia Mgladbach,TSG 1899 Hoffenheim
311,6370,1,1.0,2.0,3.0,Eintracht Frankfurt,1. FSV Mainz 05
312,6370,2,7.0,7.0,14.0,Eintracht Frankfurt,1. FSV Mainz 05
313,6370,3,4.0,7.0,11.0,Eintracht Frankfurt,1. FSV Mainz 05
314,6370,4,4.0,2.0,6.0,Eintracht Frankfurt,1. FSV Mainz 05
315,6370,6,7.0,16.0,23.0,Eintracht Frankfurt,1. FSV Mainz 05
316,6370,7,42.0,37.0,79.0,Eintracht Frankfurt,1. FSV Mainz 05
317,6370,10,4.0,4.0,8.0,Eintracht Frankfurt,1. FSV Mainz 05
318,6370,11,5.0,3.0,8.0,Eintracht Frankfurt,1. FSV Mainz 05
319,6370,12,4.0,6.0,10.0,Eintracht Frankfurt,1. FSV Mainz 05
320,6370,13,3.0,7.0,10.0,Eintracht Frankfurt,1. FSV Mainz 05
321,6370,15,72.0,68.0,140.0,Eintracht Frankfurt,1. FSV Mainz 05
322,6370,17,11.0,29.0,40.0,Eintracht Frankfurt,1. FSV Mainz 05
323,6370,18,20.0,9.0,29.0,Eintracht Frankfurt,1. FSV Mainz 05
324,6370,19,20.0,26.0,46.0,Eintracht Frankfurt,1. FSV Mainz 05
325,6370,21,1.0,4.0,5.0,Eintracht Frankfurt,1. FSV Mainz 05
326,6370,22,23.0,17.0,40.0,Eintracht Frankfurt,1. FSV Mainz 05
327,6370,23,5.0,8.0,13.0,Eintracht Frankfurt,1. FSV Mainz 05
328,6370,30,42.0,38.0,80.0,Eintracht Frankfurt,1. FSV Mainz 05
329,6370,31,5.0,8.0,13.0,Eintracht Frankfurt,1. FSV Mainz 05
330,6370,32,4.0,2.0,6.0,Eintracht Frankfurt,1. FSV Mainz 05
331,6370,33,3.0,3.0,6.0,Eintracht Frankfurt,1. FSV Mainz 05
332,6370,52,1.0,0.0,1.0,Eintracht Frankfurt,1. FSV Mainz 05
333,6370,63,2.0,0.0,2.0,Eintracht Frankfurt,1. FSV Mainz 05
334,6370,75,6.0,4.0,10.0,Eintracht Frankfurt,1. FSV Mainz 05
335,6370,79,3.0,2.0,5.0,Eintracht Frankfurt,1. FSV Mainz 05
336,6370,80,2.0,0.0,2.0,Eintracht Frankfurt,1. FSV Mainz 05
337,6370,91,1.0,1.0,2.0,Eintracht Frankfurt,1. FSV Mainz 05
338,6370,115,2.0,2.0,4.0,Eintracht Frankfurt,1. FSV Mainz 05
339,6370,116,0.0,1.0,1.0,Eintracht Frankfurt,1. FSV Mainz 05
340,6370,117,2.0,4.0,6.0,Eintracht Frankfurt,1. FSV Mainz 05
341,6370,118,3.0,4.0,7.0,Eintracht Frankfurt,1. FSV Mainz 05
342,6370,156,1.0,2.0,3.0,Eintracht Frankfurt,1. FSV Mainz 05
343,6370,211,83.0,111.0,194.0,Eintracht Frankfurt,1. FSV Mainz 05
344,6370,212,1.0,3.0,4.0,Eintracht Frankfurt,1. FSV Mainz 05
345,6370,213,16.0,9.0,25.0,Eintracht Frankfurt,1. FSV Mainz 05
346,6370,214,3.0,1.0,4.0,Eintracht Frankfurt,1. FSV Mainz 05
347,6370,218,55.0,57.0,112.0,Eintracht Frankfurt,1. FSV Mainz 05
348,6370,220,2.0,2.0,4.0,Eintracht Frankfurt,1. FSV Mainz 05
349,6370,232,27.0,19.0,46.0,Eintracht Frankfurt,1. FSV Mainz 05
350,6370,247,355.0,461.0,816.0,Eintracht Frankfurt,1. FSV Mainz 05
351,6370,248,150.0,151.0,301.0,Eintracht Frankfurt,1. FSV Mainz 05
352,6370,260,7.0,3.0,10.0,Eintracht Frankfurt,1. FSV Mainz 05
353,6370,261,25.0,20.0,45.0,Eintracht Frankfurt,1. FSV Mainz 05
354,6370,262,6.0,5.0,11.0,Eintracht Frankfurt,1. FSV Mainz 05
355,6370,274,1.0,2.0,3.0,Eintracht Frankfurt,1. FSV Mainz 05
356,6370,275,3.0,3.0,6.0,Eintracht Frankfurt,1. FSV Mainz 05
357,6370,276,0.0,2.0,2.0,Eintracht Frankfurt,1. FSV Mainz 05
358,6370,320,6.0,1.0,7.0,Eintracht Frankfurt,1. FSV Mainz 05
359,6370,342,0.0,1.0,1.0,Eintracht Frankfurt,1. FSV Mainz 05
360,6370,343,0.0,2.0,2.0,Eintracht Frankfurt,1. FSV Mainz 05
361,6370,352,1.0,2.0,3.0,Eintracht Frankfurt,1. FSV Mainz 05
362,6370,353,2.0,1.0,3.0,Eintracht Frankfurt,1. FSV Mainz 05
363,6370,367,0.0,1.0,1.0,Eintracht Frankfurt,1. FSV Mainz 05
364,6370,371,25.0,28.0,53.0,Eintracht Frankfurt,1. FSV Mainz 05
365,6370,375,6.0,3.0,9.0,Eintracht Frankfurt,1. FSV Mainz 05
366,6385,1,1.0,3.0,4.0,FC Bayern Munchen,Borussia Mgladbach
367,6385,2,10.0,4.0,14.0,FC Bayern Munchen,Borussia Mgladbach
368,6385,3,2.0,6.0,8.0,FC Bayern Munchen,Borussia Mgladbach
369,6385,4,20.0,6.0,26.0,FC Bayern Munchen,Borussia Mgladbach
370,6385,6,10.0,2.0,12.0,FC Bayern Munchen,Borussia Mgladbach
371,6385,7,16.0,20.0,36.0,FC Bayern Munchen,Borussia Mgladbach
372,6385,10,2.0,1.0,3.0,FC Bayern Munchen,Borussia Mgladbach
373,6385,11,5.0,4.0,9.0,FC Bayern Munchen,Borussia Mgladbach
374,6385,12,2.0,2.0,4.0,FC Bayern Munchen,Borussia Mgladbach
375,6385,13,3.0,9.0,12.0,FC Bayern Munchen,Borussia Mgladbach
376,6385,15,199.0,179.0,378.0,FC Bayern Munchen,Borussia Mgladbach
377,6385,17,15.0,41.0,56.0,FC Bayern Munchen,Borussia Mgladbach
378,6385,18,12.0,17.0,29.0,FC Bayern Munchen,Borussia Mgladbach
379,6385,19,32.0,20.0,52.0,FC Bayern Munchen,Borussia Mgladbach
380,6385,21,0.0,1.0,1.0,FC Bayern Munchen,Borussia Mgladbach
381,6385,22,13.0,12.0,25.0,FC Bayern Munchen,Borussia Mgladbach
382,6385,23,8.0,1.0,9.0,FC Bayern Munchen,Borussia Mgladbach
383,6385,30,92.0,56.0,148.0,FC Bayern Munchen,Borussia Mgladbach
384,6385,31,6.0,6.0,12.0,FC Bayern Munchen,Borussia Mgladbach
385,6385,32,1.0,1.0,2.0,FC Bayern Munchen,Borussia Mgladbach
386,6385,33,5.0,6.0,11.0,FC Bayern Munchen,Borussia Mgladbach
387,6385,52,1.0,0.0,1.0,FC Bayern Munchen,Borussia Mgladbach
388,6385,64,3.0,4.0,7.0,FC Bayern Munchen,Borussia Mgladbach
389,6385,65,0.0,3.0,3.0,FC Bayern Munchen,Borussia Mgladbach
390,6385,75,5.0,0.0,5.0,FC Bayern Munchen,Borussia Mgladbach
391,6385,79,12.0,22.0,34.0,FC Bayern Munchen,Borussia Mgladbach
392,6385,80,7.0,8.0,15.0,FC Bayern Munchen,Borussia Mgladbach
393,6385,114,1.0,1.0,2.0,FC Bayern Munchen,Borussia Mgladbach
394,6385,115,3.0,2.0,5.0,FC Bayern Munchen,Borussia Mgladbach
395,6385,116,0.0,1.0,1.0,FC Bayern Munchen,Borussia Mgladbach
396,6385,117,2.0,1.0,3.0,FC Bayern Munchen,Borussia Mgladbach
397,6385,118,2.0,1.0,3.0,FC Bayern Munchen,Borussia Mgladbach
398,6385,156,1.0,3.0,4.0,FC Bayern Munchen,Borussia Mgladbach
399,6385,211,80.0,114.0,194.0,FC Bayern Munchen,Borussia Mgladbach
400,6385,212,2.0,3.0,5.0,FC Bayern Munchen,Borussia Mgladbach
401,6385,213,26.0,22.0,48.0,FC Bayern Munchen,Borussia Mgladbach
402,6385,214,1.0,1.0,2.0,FC Bayern Munchen,Borussia Mgladbach
403,6385,215,1.0,0.0,1.0,FC Bayern Munchen,Borussia Mgladbach
404,6385,218,63.0,59.0,122.0,FC Bayern Munchen,Borussia Mgladbach
405,6385,232,16.0,24.0,40.0,FC Bayern Munchen,Borussia Mgladbach
406,6385,247,514.0,330.0,844.0,FC Bayern Munchen,Borussia Mgladbach
407,6385,248,178.0,175.0,353.0,FC Bayern Munchen,Borussia Mgladbach
408,6385,260,9.0,3.0,12.0,FC Bayern Munchen,Borussia Mgladbach
409,6385,261,16.0,15.0,31.0,FC Bayern Munchen,Borussia Mgladbach
410,6385,262,10.0,3.0,13.0,FC Bayern Munchen,Borussia Mgladbach
411,6385,274,5.0,2.0,7.0,FC Bayern Munchen,Borussia Mgladbach
412,6385,275,14.0,4.0,18.0,FC Bayern Munchen,Borussia Mgladbach
413,6385,320,5.0,1.0,6.0,FC Bayern Munchen,Borussia Mgladbach
414,6385,342,1.0,3.0,4.0,FC Bayern Munchen,Borussia Mgladbach
415,6385,343,6.0,0.0,6.0,FC Bayern Munchen,Borussia Mgladbach
416,6385,352,1.0,3.0,4.0,FC Bayern Munchen,Borussia Mgladbach
417,6385,353,3.0,1.0,4.0,FC Bayern Munchen,Borussia Mgladbach
418,6385,367,1.0,2.0,3.0,FC Bayern Munchen,Borussia Mgladbach
419,6385,371,28.0,25.0,53.0,FC Bayern Munchen,Borussia Mgladbach
420,6385,375,0.0,5.0,5.0,FC Bayern Munchen,Borussia Mgladbach
421,6398,1,1.0,0.0,1.0,SV Darmstadt 98,Eintracht Frankfurt
422,6398,2,3.0,6.0,9.0,SV Darmstadt 98,Eintracht Frankfurt
423,6398,3,5.0,1.0,6.0,SV Darmstadt 98,Eintracht Frankfurt
424,6398,4,12.0,6.0,18.0,SV Darmstadt 98,Eintracht Frankfurt
425,6398,6,7.0,10.0,17.0,SV Darmstadt 98,Eintracht Frankfurt
426,6398,7,14.0,11.0,25.0,SV Darmstadt 98,Eintracht Frankfurt
427,6398,10,3.0,4.0,7.0,SV Darmstadt 98,Eintracht Frankfurt
428,6398,11,6.0,6.0,12.0,SV Darmstadt 98,Eintracht Frankfurt
429,6398,12,2.0,4.0,6.0,SV Darmstadt 98,Eintracht Frankfurt
430,6398,13,10.0,7.0,17.0,SV Darmstadt 98,Eintracht Frankfurt
431,6398,15,48.0,36.0,84.0,SV Darmstadt 98,Eintracht Frankfurt
432,6398,17,18.0,16.0,34.0,SV Darmstadt 98,Eintracht Frankfurt
433,6398,18,13.0,5.0,18.0,SV Darmstadt 98,Eintracht Frankfurt
434,6398,19,62.0,75.0,137.0,SV Darmstadt 98,Eintracht Frankfurt
435,6398,21,0.0,2.0,2.0,SV Darmstadt 98,Eintracht Frankfurt
436,6398,22,19.0,9.0,28.0,SV Darmstadt 98,Eintracht Frankfurt
437,6398,23,8.0,7.0,15.0,SV Darmstadt 98,Eintracht Frankfurt
438,6398,30,44.0,36.0,80.0,SV Darmstadt 98,Eintracht Frankfurt
439,6398,31,4.0,3.0,7.0,SV Darmstadt 98,Eintracht Frankfurt
440,6398,32,2.0,2.0,4.0,SV Darmstadt 98,Eintracht Frankfurt
441,6398,33,2.0,4.0,6.0,SV Darmstadt 98,Eintracht Frankfurt
442,6398,52,2.0,1.0,3.0,SV Darmstadt 98,Eintracht Frankfurt
443,6398,63,0.0,2.0,2.0,SV Darmstadt 98,Eintracht Frankfurt
444,6398,75,3.0,5.0,8.0,SV Darmstadt 98,Eintracht Frankfurt
445,6398,79,2.0,3.0,5.0,SV Darmstadt 98,Eintracht Frankfurt
446,6398,80,1.0,0.0,1.0,SV Darmstadt 98,Eintracht Frankfurt
447,6398,114,1.0,0.0,1.0,SV Darmstadt 98,Eintracht Frankfurt
448,6398,115,2.0,3.0,5.0,SV Darmstadt 98,Eintracht Frankfurt
449,6398,118,2.0,1.0,3.0,SV Darmstadt 98,Eintracht Frankfurt
450,6398,156,1.0,0.0,1.0,SV Darmstadt 98,Eintracht Frankfurt
451,6398,211,92.0,88.0,180.0,SV Darmstadt 98,Eintracht Frankfurt
452,6398,212,3.0,3.0,6.0,SV Darmstadt 98,Eintracht Frankfurt
453,6398,213,8.0,2.0,10.0,SV Darmstadt 98,Eintracht Frankfurt
454,6398,214,1.0,1.0,2.0,SV Darmstadt 98,Eintracht Frankfurt
455,6398,232,24.0,16.0,40.0,SV Darmstadt 98,Eintracht Frankfurt
456,6398,247,167.0,457.0,624.0,SV Darmstadt 98,Eintracht Frankfurt
457,6398,248,173.0,188.0,361.0,SV Darmstadt 98,Eintracht Frankfurt
458,6398,260,7.0,10.0,17.0,SV Darmstadt 98,Eintracht Frankfurt
459,6398,261,22.0,12.0,34.0,SV Darmstadt 98,Eintracht Frankfurt
460,6398,262,10.0,7.0,17.0,SV Darmstadt 98,Eintracht Frankfurt
461,6398,274,3.0,3.0,6.0,SV Darmstadt 98,Eintracht Frankfurt
462,6398,275,7.0,5.0,12.0,SV Darmstadt 98,Eintracht Frankfurt
463,6398,276,0.0,1.0,1.0,SV Darmstadt 98,Eintracht Frankfurt
464,6398,320,0.0,2.0,2.0,SV Darmstadt 98,Eintracht Frankfurt
465,6398,342,1.0,0.0,1.0,SV Darmstadt 98,Eintracht Frankfurt
466,6398,343,1.0,0.0,1.0,SV Darmstadt 98,Eintracht Frankfurt
467,6398,352,1.0,0.0,1.0,SV Darmstadt 98,Eintracht Frankfurt
468,6398,353,1.0,0.0,1.0,SV Darmstadt 98,Eintracht Frankfurt
469,6398,371,14.0,26.0,40.0,SV Darmstadt 98,Eintracht Frankfurt
470,6398,375,0.0,3.0,3.0,SV Darmstadt 98,Eintracht Frankfurt
471,6403,1,2.0,4.0,6.0,Borussia Mgladbach,Manchester City
472,6403,2,5.0,22.0,27.0,Borussia Mgladbach,Manchester City
473,6403,3,11.0,34.0,45.0,Borussia Mgladbach,Manchester City
474,6403,4,1.0,23.0,24.0,Borussia Mgladbach,Manchester City
475,6403,6,4.0,13.0,17.0,Borussia Mgladbach,Manchester City
476,6403,7,20.0,36.0,56.0,Borussia Mgladbach,Manchester City
477,6403,11,9.0,8.0,17.0,Borussia Mgladbach,Manchester City
478,6403,12,3.0,1.0,4.0,Borussia Mgladbach,Manchester City
479,6403,13,7.0,0.0,7.0,Borussia Mgladbach,Manchester City
480,6403,15,149.0,99.0,248.0,Borussia Mgladbach,Manchester City
481,6403,17,37.0,9.0,46.0,Borussia Mgladbach,Manchester City
482,6403,18,27.0,25.0,52.0,Borussia Mgladbach,Manchester City
483,6403,19,32.0,65.0,97.0,Borussia Mgladbach,Manchester City
484,6403,21,0.0,1.0,1.0,Borussia Mgladbach,Manchester City
485,6403,22,8.0,12.0,20.0,Borussia Mgladbach,Manchester City
486,6403,23,5.0,13.0,18.0,Borussia Mgladbach,Manchester City
487,6403,30,41.0,65.0,106.0,Borussia Mgladbach,Manchester City
488,6403,31,4.0,9.0,13.0,Borussia Mgladbach,Manchester City
489,6403,32,11.0,3.0,14.0,Borussia Mgladbach,Manchester City
490,6403,33,0.0,2.0,2.0,Borussia Mgladbach,Manchester City
491,6403,63,0.0,3.0,3.0,Borussia Mgladbach,Manchester City
492,6403,64,1.0,1.0,2.0,Borussia Mgladbach,Manchester City
493,6403,65,7.0,0.0,7.0,Borussia Mgladbach,Manchester City
494,6403,75,2.0,6.0,8.0,Borussia Mgladbach,Manchester City
495,6403,79,2.0,1.0,3.0,Borussia Mgladbach,Manchester City
496,6403,80,3.0,1.0,4.0,Borussia Mgladbach,Manchester City
497,6403,114,0.0,1.0,1.0,Borussia Mgladbach,Manchester City
498,6403,115,0.0,5.0,5.0,Borussia Mgladbach,Manchester City
499,6403,117,2.0,1.0,3.0,Borussia Mgladbach,Manchester City
500,6403,118,2.0,1.0,3.0,Borussia Mgladbach,Manchester City
501,6403,156,2.0,4.0,6.0,Borussia Mgladbach,Manchester City
502,6403,211,120.0,88.0,208.0,Borussia Mgladbach,Manchester City
503,6403,212,3.0,3.0,6.0,Borussia Mgladbach,Manchester City
504,6403,213,28.0,12.0,40.0,Borussia Mgladbach,Manchester City
505,6403,214,1.0,0.0,1.0,Borussia Mgladbach,Manchester City
506,6403,218,29.0,41.0,70.0,Borussia Mgladbach,Manchester City
507,6403,220,1.0,0.0,1.0,Borussia Mgladbach,Manchester City
508,6403,232,26.0,14.0,40.0,Borussia Mgladbach,Manchester City
509,6403,247,503.0,507.0,1010.0,Borussia Mgladbach,Manchester City
510,6403,248,172.0,177.0,349.0,Borussia Mgladbach,Manchester City
511,6403,260,0.0,7.0,7.0,Borussia Mgladbach,Manchester City
512,6403,261,10.0,12.0,22.0,Borussia Mgladbach,Manchester City
513,6403,262,4.0,6.0,10.0,Borussia Mgladbach,Manchester City
514,6403,274,2.0,6.0,8.0,Borussia Mgladbach,Manchester City
515,6403,275,2.0,10.0,12.0,Borussia Mgladbach,Manchester City
516,6403,320,2.0,15.0,17.0,Borussia Mgladbach,Manchester City
517,6403,342,1.0,2.0,3.0,Borussia Mgladbach,Manchester City
518,6403,343,1.0,5.0,6.0,Borussia Mgladbach,Manchester City
519,6403,352,3.0,3.0,6.0,Borussia Mgladbach,Manchester City
520,6403,353,1.0,5.0,6.0,Borussia Mgladbach,Manchester City
521,6403,367,1.0,2.0,3.0,Borussia Mgladbach,Manchester City
522,6403,371,28.0,23.0,51.0,Borussia Mgladbach,Manchester City
523,6403,375,3.0,4.0,7.0,Borussia Mgladbach,Manchester City
524,6418,1,0.0,5.0,5.0,Borussia Mgladbach,Bayer 04 Leverkusen
525,6418,2,2.0,3.0,5.0,Borussia Mgladbach,Bayer 04 Leverkusen
526,6418,3,4.0,6.0,10.0,Borussia Mgladbach,Bayer 04 Leverkusen
527,6418,4,3.0,5.0,8.0,Borussia Mgladbach,Bayer 04 Leverkusen
528,6418,6,9.0,8.0,17.0,Borussia Mgladbach,Bayer 04 Leverkusen
529,6418,7,12.0,28.0,40.0,Borussia Mgladbach,Bayer 04 Leverkusen
530,6418,10,2.0,0.0,2.0,Borussia Mgladbach,Bayer 04 Leverkusen
531,6418,11,4.0,5.0,9.0,Borussia Mgladbach,Bayer 04 Leverkusen
532,6418,12,4.0,8.0,12.0,Borussia Mgladbach,Bayer 04 Leverkusen
533,6418,13,5.0,2.0,7.0,Borussia Mgladbach,Bayer 04 Leverkusen
534,6418,15,9.0,9.0,18.0,Borussia Mgladbach,Bayer 04 Leverkusen
535,6418,17,2.0,6.0,8.0,Borussia Mgladbach,Bayer 04 Leverkusen
536,6418,18,11.0,19.0,30.0,Borussia Mgladbach,Bayer 04 Leverkusen
537,6418,19,30.0,25.0,55.0,Borussia Mgladbach,Bayer 04 Leverkusen
538,6418,21,2.0,2.0,4.0,Borussia Mgladbach,Bayer 04 Leverkusen
539,6418,22,13.0,19.0,32.0,Borussia Mgladbach,Bayer 04 Leverkusen
540,6418,23,4.0,6.0,10.0,Borussia Mgladbach,Bayer 04 Leverkusen
541,6418,30,16.0,43.0,59.0,Borussia Mgladbach,Bayer 04 Leverkusen
542,6418,31,2.0,6.0,8.0,Borussia Mgladbach,Bayer 04 Leverkusen
543,6418,33,1.0,1.0,2.0,Borussia Mgladbach,Bayer 04 Leverkusen
544,6418,62,2.0,0.0,2.0,Borussia Mgladbach,Bayer 04 Leverkusen
545,6418,63,1.0,0.0,1.0,Borussia Mgladbach,Bayer 04 Leverkusen
546,6418,65,1.0,1.0,2.0,Borussia Mgladbach,Bayer 04 Leverkusen
547,6418,75,1.0,7.0,8.0,Borussia Mgladbach,Bayer 04 Leverkusen
548,6418,79,8.0,10.0,18.0,Borussia Mgladbach,Bayer 04 Leverkusen
549,6418,80,2.0,10.0,12.0,Borussia Mgladbach,Bayer 04 Leverkusen
550,6418,115,1.0,1.0,2.0,Borussia Mgladbach,Bayer 04 Leverkusen
551,6418,156,0.0,5.0,5.0,Borussia Mgladbach,Bayer 04 Leverkusen
552,6418,211,81.0,67.0,148.0,Borussia Mgladbach,Bayer 04 Leverkusen
553,6418,212,3.0,3.0,6.0,Borussia Mgladbach,Bayer 04 Leverkusen
554,6418,213,19.0,16.0,35.0,Borussia Mgladbach,Bayer 04 Leverkusen
555,6418,215,1.0,1.0,2.0,Borussia Mgladbach,Bayer 04 Leverkusen
556,6418,218,50.0,56.0,106.0,Borussia Mgladbach,Bayer 04 Leverkusen
557,6418,232,20.0,27.0,47.0,Borussia Mgladbach,Bayer 04 Leverkusen
558,6418,247,399.0,342.0,741.0,Borussia Mgladbach,Bayer 04 Leverkusen
559,6418,248,183.0,163.0,346.0,Borussia Mgladbach,Bayer 04 Leverkusen
560,6418,260,2.0,4.0,6.0,Borussia Mgladbach,Bayer 04 Leverkusen
561,6418,261,11.0,16.0,27.0,Borussia Mgladbach,Bayer 04 Leverkusen
562,6418,262,2.0,7.0,9.0,Borussia Mgladbach,Bayer 04 Leverkusen
563,6418,274,2.0,1.0,3.0,Borussia Mgladbach,Bayer 04 Leverkusen
564,6418,275,7.0,3.0,10.0,Borussia Mgladbach,Bayer 04 Leverkusen
565,6418,276,1.0,0.0,1.0,Borussia Mgladbach,Bayer 04 Leverkusen
566,6418,320,7.0,0.0,7.0,Borussia Mgladbach,Bayer 04 Leverkusen
567,6418,342,0.0,5.0,5.0,Borussia Mgladbach,Bayer 04 Leverkusen
568,6418,343,2.0,2.0,4.0,Borussia Mgladbach,Bayer 04 Leverkusen
569,6418,352,3.0,2.0,5.0,Borussia Mgladbach,Bayer 04 Leverkusen
570,6418,353,5.0,0.0,5.0,Borussia Mgladbach,Bayer 04 Leverkusen
571,6418,367,0.0,3.0,3.0,Borussia Mgladbach,Bayer 04 Leverkusen
572,6418,371,35.0,34.0,69.0,Borussia Mgladbach,Bayer 04 Leverkusen
573,6418,375,7.0,8.0,15.0,Borussia Mgladbach,Bayer 04 Leverkusen
574,6425,1,1.0,4.0,5.0,Eintracht Frankfurt,Borussia Dortmund
575,6425,2,1.0,26.0,27.0,Eintracht Frankfurt,Borussia Dortmund
576,6425,3,7.0,24.0,31.0,Eintracht Frankfurt,Borussia Dortmund
577,6425,4,2.0,10.0,12.0,Eintracht Frankfurt,Borussia Dortmund
578,6425,6,5.0,7.0,12.0,Eintracht Frankfurt,Borussia Dortmund
579,6425,7,26.0,23.0,49.0,Eintracht Frankfurt,Borussia Dortmund
580,6425,10,2.0,0.0,2.0,Eintracht Frankfurt,Borussia Dortmund
581,6425,11,14.0,4.0,18.0,Eintracht Frankfurt,Borussia Dortmund
582,6425,12,2.0,4.0,6.0,Eintracht Frankfurt,Borussia Dortmund
583,6425,13,14.0,1.0,15.0,Eintracht Frankfurt,Borussia Dortmund
584,6425,15,113.0,71.0,184.0,Eintracht Frankfurt,Borussia Dortmund
585,6425,17,41.0,2.0,43.0,Eintracht Frankfurt,Borussia Dortmund
586,6425,18,13.0,14.0,27.0,Eintracht Frankfurt,Borussia Dortmund
587,6425,19,16.0,59.0,75.0,Eintracht Frankfurt,Borussia Dortmund
588,6425,20,0.0,1.0,1.0,Eintracht Frankfurt,Borussia Dortmund
589,6425,22,4.0,3.0,7.0,Eintracht Frankfurt,Borussia Dortmund
590,6425,23,1.0,21.0,22.0,Eintracht Frankfurt,Borussia Dortmund
591,6425,30,11.0,76.0,87.0,Eintracht Frankfurt,Borussia Dortmund
592,6425,31,2.0,11.0,13.0,Eintracht Frankfurt,Borussia Dortmund
593,6425,32,8.0,3.0,11.0,Eintracht Frankfurt,Borussia Dortmund
594,6425,33,1.0,7.0,8.0,Eintracht Frankfurt,Borussia Dortmund
595,6425,64,0.0,1.0,1.0,Eintracht Frankfurt,Borussia Dortmund
596,6425,65,1.0,3.0,4.0,Eintracht Frankfurt,Borussia Dortmund
597,6425,75,2.0,4.0,6.0,Eintracht Frankfurt,Borussia Dortmund
598,6425,79,3.0,0.0,3.0,Eintracht Frankfurt,Borussia Dortmund
599,6425,80,1.0,1.0,2.0,Eintracht Frankfurt,Borussia Dortmund
600,6425,114,0.0,3.0,3.0,Eintracht Frankfurt,Borussia Dortmund
601,6425,115,1.0,2.0,3.0,Eintracht Frankfurt,Borussia Dortmund
602,6425,116,0.0,1.0,1.0,Eintracht Frankfurt,Borussia Dortmund
603,6425,117,0.0,4.0,4.0,Eintracht Frankfurt,Borussia Dortmund
604,6425,118,3.0,0.0,3.0,Eintracht Frankfurt,Borussia Dortmund
605,6425,156,1.0,4.0,5.0,Eintracht Frankfurt,Borussia Dortmund
606,6425,211,84.0,60.0,144.0,Eintracht Frankfurt,Borussia Dortmund
607,6425,212,2.0,3.0,5.0,Eintracht Frankfurt,Borussia Dortmund
608,6425,213,8.0,7.0,15.0,Eintracht Frankfurt,Borussia Dortmund
609,6425,218,49.0,27.0,76.0,Eintracht Frankfurt,Borussia Dortmund
610,6425,232,20.0,22.0,42.0,Eintracht Frankfurt,Borussia Dortmund
611,6425,247,217.0,820.0,1037.0,Eintracht Frankfurt,Borussia Dortmund
612,6425,248,137.0,123.0,260.0,Eintracht Frankfurt,Borussia Dortmund
613,6425,260,1.0,14.0,15.0,Eintracht Frankfurt,Borussia Dortmund
614,6425,261,11.0,3.0,14.0,Eintracht Frankfurt,Borussia Dortmund
615,6425,262,1.0,9.0,10.0,Eintracht Frankfurt,Borussia Dortmund
616,6425,274,1.0,6.0,7.0,Eintracht Frankfurt,Borussia Dortmund
617,6425,275,5.0,6.0,11.0,Eintracht Frankfurt,Borussia Dortmund
618,6425,320,6.0,1.0,7.0,Eintracht Frankfurt,Borussia Dortmund
619,6425,342,1.0,3.0,4.0,Eintracht Frankfurt,Borussia Dortmund
620,6425,352,1.0,4.0,5.0,Eintracht Frankfurt,Borussia Dortmund
621,6425,353,4.0,1.0,5.0,Eintracht Frankfurt,Borussia Dortmund
622,6425,367,1.0,3.0,4.0,Eintracht Frankfurt,Borussia Dortmund
623,6425,371,19.0,23.0,42.0,Eintracht Frankfurt,Borussia Dortmund
624,6425,375,5.0,1.0,6.0,Eintracht Frankfurt,Borussia Dortmund
625,6450,1,1.0,2.0,3.0,SV Werder Bremen,Eintracht Frankfurt
626,6450,2,5.0,8.0,13.0,SV Werder Bremen,Eintracht Frankfurt
627,6450,3,3.0,1.0,4.0,SV Werder Bremen,Eintracht Frankfurt
628,6450,4,5.0,7.0,12.0,SV Werder Bremen,Eintracht Frankfurt
629,6450,6,15.0,11.0,26.0,SV Werder Bremen,Eintracht Frankfurt
630,6450,7,46.0,39.0,85.0,SV Werder Bremen,Eintracht Frankfurt
631,6450,10,4.0,3.0,7.0,SV Werder Bremen,Eintracht Frankfurt
632,6450,11,6.0,14.0,20.0,SV Werder Bremen,Eintracht Frankfurt
633,6450,12,4.0,10.0,14.0,SV Werder Bremen,Eintracht Frankfurt
634,6450,13,6.0,3.0,9.0,SV Werder Bremen,Eintracht Frankfurt
635,6450,15,105.0,116.0,221.0,SV Werder Bremen,Eintracht Frankfurt
636,6450,17,16.0,11.0,27.0,SV Werder Bremen,Eintracht Frankfurt
637,6450,18,23.0,34.0,57.0,SV Werder Bremen,Eintracht Frankfurt
638,6450,19,22.0,25.0,47.0,SV Werder Bremen,Eintracht Frankfurt
639,6450,21,2.0,1.0,3.0,SV Werder Bremen,Eintracht Frankfurt
640,6450,22,14.0,20.0,34.0,SV Werder Bremen,Eintracht Frankfurt
641,6450,23,6.0,9.0,15.0,SV Werder Bremen,Eintracht Frankfurt
642,6450,30,29.0,43.0,72.0,SV Werder Bremen,Eintracht Frankfurt
643,6450,31,4.0,6.0,10.0,SV Werder Bremen,Eintracht Frankfurt
644,6450,32,1.0,0.0,1.0,SV Werder Bremen,Eintracht Frankfurt
645,6450,33,6.0,6.0,12.0,SV Werder Bremen,Eintracht Frankfurt
646,6450,63,2.0,0.0,2.0,SV Werder Bremen,Eintracht Frankfurt
647,6450,65,0.0,1.0,1.0,SV Werder Bremen,Eintracht Frankfurt
648,6450,75,3.0,6.0,9.0,SV Werder Bremen,Eintracht Frankfurt
649,6450,79,18.0,26.0,44.0,SV Werder Bremen,Eintracht Frankfurt
650,6450,80,14.0,13.0,27.0,SV Werder Bremen,Eintracht Frankfurt
651,6450,114,2.0,1.0,3.0,SV Werder Bremen,Eintracht Frankfurt
652,6450,115,3.0,3.0,6.0,SV Werder Bremen,Eintracht Frankfurt
653,6450,116,2.0,0.0,2.0,SV Werder Bremen,Eintracht Frankfurt
654,6450,118,3.0,4.0,7.0,SV Werder Bremen,Eintracht Frankfurt
655,6450,156,1.0,2.0,3.0,SV Werder Bremen,Eintracht Frankfurt
656,6450,211,93.0,103.0,196.0,SV Werder Bremen,Eintracht Frankfurt
657,6450,212,3.0,2.0,5.0,SV Werder Bremen,Eintracht Frankfurt
658,6450,213,10.0,14.0,24.0,SV Werder Bremen,Eintracht Frankfurt
659,6450,214,0.0,2.0,2.0,SV Werder Bremen,Eintracht Frankfurt
660,6450,218,88.0,78.0,166.0,SV Werder Bremen,Eintracht Frankfurt
661,6450,220,1.0,0.0,1.0,SV Werder Bremen,Eintracht Frankfurt
662,6450,232,31.0,29.0,60.0,SV Werder Bremen,Eintracht Frankfurt
663,6450,247,251.0,290.0,541.0,SV Werder Bremen,Eintracht Frankfurt
664,6450,248,194.0,187.0,381.0,SV Werder Bremen,Eintracht Frankfurt
665,6450,260,3.0,6.0,9.0,SV Werder Bremen,Eintracht Frankfurt
666,6450,261,19.0,20.0,39.0,SV Werder Bremen,Eintracht Frankfurt
667,6450,262,3.0,8.0,11.0,SV Werder Bremen,Eintracht Frankfurt
668,6450,274,1.0,4.0,5.0,SV Werder Bremen,Eintracht Frankfurt
669,6450,275,4.0,11.0,15.0,SV Werder Bremen,Eintracht Frankfurt
670,6450,320,2.0,2.0,4.0,SV Werder Bremen,Eintracht Frankfurt
671,6450,342,0.0,2.0,2.0,SV Werder Bremen,Eintracht Frankfurt
672,6450,343,2.0,1.0,3.0,SV Werder Bremen,Eintracht Frankfurt
673,6450,352,2.0,1.0,3.0,SV Werder Bremen,Eintracht Frankfurt
674,6450,353,2.0,1.0,3.0,SV Werder Bremen,Eintracht Frankfurt
675,6450,371,41.0,34.0,75.0,SV Werder Bremen,Eintracht Frankfurt
676,6450,375,4.0,4.0,8.0,SV Werder Bremen,Eintracht Frankfurt
677,6462,1,2.0,3.0,5.0,SV Darmstadt 98,Borussia Mgladbach
678,6462,2,2.0,4.0,6.0,SV Darmstadt 98,Borussia Mgladbach
679,6462,3,3.0,6.0,9.0,SV Darmstadt 98,Borussia Mgladbach
680,6462,4,12.0,1.0,13.0,SV Darmstadt 98,Borussia Mgladbach
681,6462,6,1.0,12.0,13.0,SV Darmstadt 98,Borussia Mgladbach
682,6462,7,13.0,19.0,32.0,SV Darmstadt 98,Borussia Mgladbach
683,6462,10,4.0,2.0,6.0,SV Darmstadt 98,Borussia Mgladbach
684,6462,11,4.0,0.0,4.0,SV Darmstadt 98,Borussia Mgladbach
685,6462,12,12.0,8.0,20.0,SV Darmstadt 98,Borussia Mgladbach
686,6462,13,1.0,5.0,6.0,SV Darmstadt 98,Borussia Mgladbach
687,6462,15,17.0,4.0,21.0,SV Darmstadt 98,Borussia Mgladbach
688,6462,17,8.0,6.0,14.0,SV Darmstadt 98,Borussia Mgladbach
689,6462,18,22.0,16.0,38.0,SV Darmstadt 98,Borussia Mgladbach
690,6462,19,14.0,27.0,41.0,SV Darmstadt 98,Borussia Mgladbach
691,6462,21,6.0,2.0,8.0,SV Darmstadt 98,Borussia Mgladbach
692,6462,22,12.0,20.0,32.0,SV Darmstadt 98,Borussia Mgladbach
693,6462,23,10.0,5.0,15.0,SV Darmstadt 98,Borussia Mgladbach
694,6462,30,41.0,37.0,78.0,SV Darmstadt 98,Borussia Mgladbach
695,6462,31,6.0,5.0,11.0,SV Darmstadt 98,Borussia Mgladbach
696,6462,32,0.0,3.0,3.0,SV Darmstadt 98,Borussia Mgladbach
697,6462,33,2.0,2.0,4.0,SV Darmstadt 98,Borussia Mgladbach
698,6462,52,1.0,0.0,1.0,SV Darmstadt 98,Borussia Mgladbach
699,6462,62,1.0,2.0,3.0,SV Darmstadt 98,Borussia Mgladbach
700,6462,63,1.0,0.0,1.0,SV Darmstadt 98,Borussia Mgladbach
701,6462,65,1.0,1.0,2.0,SV Darmstadt 98,Borussia Mgladbach
702,6462,75,0.0,3.0,3.0,SV Darmstadt 98,Borussia Mgladbach
703,6462,79,8.0,9.0,17.0,SV Darmstadt 98,Borussia Mgladbach
704,6462,80,7.0,2.0,9.0,SV Darmstadt 98,Borussia Mgladbach
705,6462,99,0.0,1.0,1.0,SV Darmstadt 98,Borussia Mgladbach
706,6462,114,2.0,0.0,2.0,SV Darmstadt 98,Borussia Mgladbach
707,6462,115,0.0,1.0,1.0,SV Darmstadt 98,Borussia Mgladbach
708,6462,117,1.0,0.0,1.0,SV Darmstadt 98,Borussia Mgladbach
709,6462,118,2.0,0.0,2.0,SV Darmstadt 98,Borussia Mgladbach
710,6462,156,2.0,3.0,5.0,SV Darmstadt 98,Borussia Mgladbach
711,6462,211,70.0,73.0,143.0,SV Darmstadt 98,Borussia Mgladbach
712,6462,212,3.0,3.0,6.0,SV Darmstadt 98,Borussia Mgladbach
713,6462,213,11.0,13.0,24.0,SV Darmstadt 98,Borussia Mgladbach
714,6462,214,0.0,1.0,1.0,SV Darmstadt 98,Borussia Mgladbach
715,6462,218,50.0,45.0,95.0,SV Darmstadt 98,Borussia Mgladbach
716,6462,220,2.0,0.0,2.0,SV Darmstadt 98,Borussia Mgladbach
717,6462,232,22.0,19.0,41.0,SV Darmstadt 98,Borussia Mgladbach
718,6462,247,280.0,424.0,704.0,SV Darmstadt 98,Borussia Mgladbach
719,6462,248,144.0,152.0,296.0,SV Darmstadt 98,Borussia Mgladbach
720,6462,260,5.0,1.0,6.0,SV Darmstadt 98,Borussia Mgladbach
721,6462,261,11.0,20.0,31.0,SV Darmstadt 98,Borussia Mgladbach
722,6462,262,7.0,2.0,9.0,SV Darmstadt 98,Borussia Mgladbach
723,6462,274,3.0,2.0,5.0,SV Darmstadt 98,Borussia Mgladbach
724,6462,275,4.0,5.0,9.0,SV Darmstadt 98,Borussia Mgladbach
725,6462,276,1.0,0.0,1.0,SV Darmstadt 98,Borussia Mgladbach
726,6462,320,3.0,4.0,7.0,SV Darmstadt 98,Borussia Mgladbach
727,6462,342,2.0,1.0,3.0,SV Darmstadt 98,Borussia Mgladbach
728,6462,343,0.0,7.0,7.0,SV Darmstadt 98,Borussia Mgladbach
729,6462,352,1.0,4.0,5.0,SV Darmstadt 98,Borussia Mgladbach
730,6462,353,2.0,3.0,5.0,SV Darmstadt 98,Borussia Mgladbach
731,6462,367,1.0,0.0,1.0,SV Darmstadt 98,Borussia Mgladbach
732,6462,371,32.0,28.0,60.0,SV Darmstadt 98,Borussia Mgladbach
733,6462,375,12.0,1.0,13.0,SV Darmstadt 98,Borussia Mgladbach
734,6545,1,3.0,1.0,4.0,Borussia Dortmund,Borussia Mgladbach
735,6545,2,11.0,7.0,18.0,Borussia Dortmund,Borussia Mgladbach
736,6545,3,8.0,1.0,9.0,Borussia Dortmund,Borussia Mgladbach
737,6545,4,2.0,4.0,6.0,Borussia Dortmund,Borussia Mgladbach
738,6545,6,7.0,4.0,11.0,Borussia Dortmund,Borussia Mgladbach
739,6545,7,28.0,18.0,46.0,Borussia Dortmund,Borussia Mgladbach
740,6545,10,1.0,1.0,2.0,Borussia Dortmund,Borussia Mgladbach
741,6545,11,3.0,1.0,4.0,Borussia Dortmund,Borussia Mgladbach
742,6545,12,8.0,0.0,8.0,Borussia Dortmund,Borussia Mgladbach
743,6545,13,3.0,1.0,4.0,Borussia Dortmund,Borussia Mgladbach
744,6545,15,145.0,146.0,291.0,Borussia Dortmund,Borussia Mgladbach
745,6545,17,21.0,15.0,36.0,Borussia Dortmund,Borussia Mgladbach
746,6545,18,26.0,14.0,40.0,Borussia Dortmund,Borussia Mgladbach
747,6545,19,25.0,24.0,49.0,Borussia Dortmund,Borussia Mgladbach
748,6545,21,1.0,1.0,2.0,Borussia Dortmund,Borussia Mgladbach
749,6545,22,12.0,10.0,22.0,Borussia Dortmund,Borussia Mgladbach
750,6545,23,9.0,6.0,15.0,Borussia Dortmund,Borussia Mgladbach
751,6545,30,52.0,44.0,96.0,Borussia Dortmund,Borussia Mgladbach
752,6545,31,4.0,3.0,7.0,Borussia Dortmund,Borussia Mgladbach
753,6545,32,0.0,1.0,1.0,Borussia Dortmund,Borussia Mgladbach
754,6545,33,4.0,3.0,7.0,Borussia Dortmund,Borussia Mgladbach
755,6545,63,3.0,2.0,5.0,Borussia Dortmund,Borussia Mgladbach
756,6545,64,0.0,1.0,1.0,Borussia Dortmund,Borussia Mgladbach
757,6545,65,3.0,3.0,6.0,Borussia Dortmund,Borussia Mgladbach
758,6545,75,3.0,1.0,4.0,Borussia Dortmund,Borussia Mgladbach
759,6545,79,18.0,15.0,33.0,Borussia Dortmund,Borussia Mgladbach
760,6545,80,9.0,6.0,15.0,Borussia Dortmund,Borussia Mgladbach
761,6545,91,0.0,1.0,1.0,Borussia Dortmund,Borussia Mgladbach
762,6545,115,1.0,1.0,2.0,Borussia Dortmund,Borussia Mgladbach
763,6545,117,0.0,1.0,1.0,Borussia Dortmund,Borussia Mgladbach
764,6545,118,0.0,1.0,1.0,Borussia Dortmund,Borussia Mgladbach
765,6545,156,3.0,1.0,4.0,Borussia Dortmund,Borussia Mgladbach
766,6545,211,127.0,101.0,228.0,Borussia Dortmund,Borussia Mgladbach
767,6545,212,3.0,3.0,6.0,Borussia Dortmund,Borussia Mgladbach
768,6545,213,24.0,28.0,52.0,Borussia Dortmund,Borussia Mgladbach
769,6545,214,1.0,1.0,2.0,Borussia Dortmund,Borussia Mgladbach
770,6545,216,1.0,1.0,2.0,Borussia Dortmund,Borussia Mgladbach
771,6545,218,66.0,57.0,123.0,Borussia Dortmund,Borussia Mgladbach
772,6545,232,34.0,29.0,63.0,Borussia Dortmund,Borussia Mgladbach
773,6545,247,425.0,431.0,856.0,Borussia Dortmund,Borussia Mgladbach
774,6545,248,172.0,183.0,355.0,Borussia Dortmund,Borussia Mgladbach
775,6545,260,1.0,3.0,4.0,Borussia Dortmund,Borussia Mgladbach
776,6545,261,13.0,14.0,27.0,Borussia Dortmund,Borussia Mgladbach
777,6545,262,6.0,4.0,10.0,Borussia Dortmund,Borussia Mgladbach
778,6545,274,1.0,2.0,3.0,Borussia Dortmund,Borussia Mgladbach
779,6545,275,9.0,5.0,14.0,Borussia Dortmund,Borussia Mgladbach
780,6545,320,1.0,4.0,5.0,Borussia Dortmund,Borussia Mgladbach
781,6545,342,3.0,1.0,4.0,Borussia Dortmund,Borussia Mgladbach
782,6545,352,3.0,1.0,4.0,Borussia Dortmund,Borussia Mgladbach
783,6545,353,1.0,3.0,4.0,Borussia Dortmund,Borussia Mgladbach
784,6545,367,3.0,1.0,4.0,Borussia Dortmund,Borussia Mgladbach
785,6545,371,28.0,31.0,59.0,Borussia Dortmund,Borussia Mgladbach
786,6545,375,1.0,1.0,2.0,Borussia Dortmund,Borussia Mgladbach
787,6553,1,2.0,3.0,5.0,VfL Wolfsburg,Eintracht Frankfurt
788,6553,2,16.0,8.0,24.0,VfL Wolfsburg,Eintracht Frankfurt
789,6553,3,30.0,12.0,42.0,VfL Wolfsburg,Eintracht Frankfurt
790,6553,4,12.0,8.0,20.0,VfL Wolfsburg,Eintracht Frankfurt
791,6553,6,6.0,9.0,15.0,VfL Wolfsburg,Eintracht Frankfurt
792,6553,7,38.0,33.0,71.0,VfL Wolfsburg,Eintracht Frankfurt
793,6553,10,0.0,2.0,2.0,VfL Wolfsburg,Eintracht Frankfurt
794,6553,11,7.0,6.0,13.0,VfL Wolfsburg,Eintracht Frankfurt
795,6553,12,8.0,2.0,10.0,VfL Wolfsburg,Eintracht Frankfurt
796,6553,13,3.0,3.0,6.0,VfL Wolfsburg,Eintracht Frankfurt
797,6553,15,114.0,83.0,197.0,VfL Wolfsburg,Eintracht Frankfurt
798,6553,17,18.0,23.0,41.0,VfL Wolfsburg,Eintracht Frankfurt
799,6553,18,24.0,16.0,40.0,VfL Wolfsburg,Eintracht Frankfurt
800,6553,19,46.0,36.0,82.0,VfL Wolfsburg,Eintracht Frankfurt
801,6553,21,2.0,3.0,5.0,VfL Wolfsburg,Eintracht Frankfurt
802,6553,22,14.0,20.0,34.0,VfL Wolfsburg,Eintracht Frankfurt
803,6553,23,12.0,6.0,18.0,VfL Wolfsburg,Eintracht Frankfurt
804,6553,30,58.0,40.0,98.0,VfL Wolfsburg,Eintracht Frankfurt
805,6553,31,11.0,6.0,17.0,VfL Wolfsburg,Eintracht Frankfurt
806,6553,32,3.0,3.0,6.0,VfL Wolfsburg,Eintracht Frankfurt
807,6553,33,2.0,3.0,5.0,VfL Wolfsburg,Eintracht Frankfurt
808,6553,63,1.0,2.0,3.0,VfL Wolfsburg,Eintracht Frankfurt
809,6553,64,1.0,2.0,3.0,VfL Wolfsburg,Eintracht Frankfurt
810,6553,65,4.0,5.0,9.0,VfL Wolfsburg,Eintracht Frankfurt
811,6553,75,0.0,3.0,3.0,VfL Wolfsburg,Eintracht Frankfurt
812,6553,79,3.0,3.0,6.0,VfL Wolfsburg,Eintracht Frankfurt
813,6553,80,2.0,2.0,4.0,VfL Wolfsburg,Eintracht Frankfurt
814,6553,99,0.0,1.0,1.0,VfL Wolfsburg,Eintracht Frankfurt
815,6553,114,3.0,1.0,4.0,VfL Wolfsburg,Eintracht Frankfurt
816,6553,115,4.0,2.0,6.0,VfL Wolfsburg,Eintracht Frankfurt
817,6553,117,4.0,1.0,5.0,VfL Wolfsburg,Eintracht Frankfurt
818,6553,118,0.0,5.0,5.0,VfL Wolfsburg,Eintracht Frankfurt
819,6553,156,2.0,3.0,5.0,VfL Wolfsburg,Eintracht Frankfurt
820,6553,211,73.0,98.0,171.0,VfL Wolfsburg,Eintracht Frankfurt
821,6553,212,3.0,2.0,5.0,VfL Wolfsburg,Eintracht Frankfurt
822,6553,213,19.0,17.0,36.0,VfL Wolfsburg,Eintracht Frankfurt
823,6553,214,1.0,2.0,3.0,VfL Wolfsburg,Eintracht Frankfurt
824,6553,218,42.0,48.0,90.0,VfL Wolfsburg,Eintracht Frankfurt
825,6553,232,24.0,17.0,41.0,VfL Wolfsburg,Eintracht Frankfurt
826,6553,247,494.0,334.0,828.0,VfL Wolfsburg,Eintracht Frankfurt
827,6553,248,159.0,162.0,321.0,VfL Wolfsburg,Eintracht Frankfurt
828,6553,260,3.0,4.0,7.0,VfL Wolfsburg,Eintracht Frankfurt
829,6553,261,17.0,20.0,37.0,VfL Wolfsburg,Eintracht Frankfurt
830,6553,262,5.0,5.0,10.0,VfL Wolfsburg,Eintracht Frankfurt
831,6553,274,7.0,3.0,10.0,VfL Wolfsburg,Eintracht Frankfurt
832,6553,275,8.0,7.0,15.0,VfL Wolfsburg,Eintracht Frankfurt
833,6553,320,0.0,13.0,13.0,VfL Wolfsburg,Eintracht Frankfurt
834,6553,342,2.0,2.0,4.0,VfL Wolfsburg,Eintracht Frankfurt
835,6553,343,3.0,2.0,5.0,VfL Wolfsburg,Eintracht Frankfurt
836,6553,352,2.0,3.0,5.0,VfL Wolfsburg,Eintracht Frankfurt
837,6553,353,0.0,5.0,5.0,VfL Wolfsburg,Eintracht Frankfurt
838,6553,367,1.0,2.0,3.0,VfL Wolfsburg,Eintracht Frankfurt
839,6553,371,38.0,25.0,63.0,VfL Wolfsburg,Eintracht Frankfurt
840,6553,375,2.0,6.0,8.0,VfL Wolfsburg,Eintracht Frankfurt
841,6568,1,0.0,1.0,1.0,Borussia Mgladbach,1. FSV Mainz 05
842,6568,2,14.0,12.0,26.0,Borussia Mgladbach,1. FSV Mainz 05
843,6568,3,7.0,14.0,21.0,Borussia Mgladbach,1. FSV Mainz 05
844,6568,4,2.0,5.0,7.0,Borussia Mgladbach,1. FSV Mainz 05
845,6568,6,14.0,8.0,22.0,Borussia Mgladbach,1. FSV Mainz 05
846,6568,7,29.0,44.0,73.0,Borussia Mgladbach,1. FSV Mainz 05
847,6568,10,2.0,0.0,2.0,Borussia Mgladbach,1. FSV Mainz 05
848,6568,11,3.0,9.0,12.0,Borussia Mgladbach,1. FSV Mainz 05
849,6568,12,4.0,2.0,6.0,Borussia Mgladbach,1. FSV Mainz 05
850,6568,13,8.0,4.0,12.0,Borussia Mgladbach,1. FSV Mainz 05
851,6568,15,90.0,78.0,168.0,Borussia Mgladbach,1. FSV Mainz 05
852,6568,17,25.0,24.0,49.0,Borussia Mgladbach,1. FSV Mainz 05
853,6568,18,13.0,20.0,33.0,Borussia Mgladbach,1. FSV Mainz 05
854,6568,19,33.0,26.0,59.0,Borussia Mgladbach,1. FSV Mainz 05
855,6568,21,1.0,1.0,2.0,Borussia Mgladbach,1. FSV Mainz 05
856,6568,22,13.0,11.0,24.0,Borussia Mgladbach,1. FSV Mainz 05
857,6568,23,8.0,6.0,14.0,Borussia Mgladbach,1. FSV Mainz 05
858,6568,30,29.0,39.0,68.0,Borussia Mgladbach,1. FSV Mainz 05
859,6568,31,6.0,2.0,8.0,Borussia Mgladbach,1. FSV Mainz 05
860,6568,32,2.0,0.0,2.0,Borussia Mgladbach,1. FSV Mainz 05
861,6568,33,2.0,1.0,3.0,Borussia Mgladbach,1. FSV Mainz 05
862,6568,63,1.0,0.0,1.0,Borussia Mgladbach,1. FSV Mainz 05
863,6568,65,4.0,2.0,6.0,Borussia Mgladbach,1. FSV Mainz 05
864,6568,75,1.0,3.0,4.0,Borussia Mgladbach,1. FSV Mainz 05
865,6568,79,3.0,2.0,5.0,Borussia Mgladbach,1. FSV Mainz 05
866,6568,80,1.0,5.0,6.0,Borussia Mgladbach,1. FSV Mainz 05
867,6568,99,0.0,1.0,1.0,Borussia Mgladbach,1. FSV Mainz 05
868,6568,114,2.0,0.0,2.0,Borussia Mgladbach,1. FSV Mainz 05
869,6568,115,3.0,1.0,4.0,Borussia Mgladbach,1. FSV Mainz 05
870,6568,116,1.0,0.0,1.0,Borussia Mgladbach,1. FSV Mainz 05
871,6568,117,3.0,0.0,3.0,Borussia Mgladbach,1. FSV Mainz 05
872,6568,118,1.0,1.0,2.0,Borussia Mgladbach,1. FSV Mainz 05
873,6568,156,0.0,1.0,1.0,Borussia Mgladbach,1. FSV Mainz 05
874,6568,211,112.0,107.0,219.0,Borussia Mgladbach,1. FSV Mainz 05
875,6568,212,3.0,3.0,6.0,Borussia Mgladbach,1. FSV Mainz 05
876,6568,213,39.0,12.0,51.0,Borussia Mgladbach,1. FSV Mainz 05
877,6568,214,1.0,1.0,2.0,Borussia Mgladbach,1. FSV Mainz 05
878,6568,218,47.0,53.0,100.0,Borussia Mgladbach,1. FSV Mainz 05
879,6568,220,1.0,1.0,2.0,Borussia Mgladbach,1. FSV Mainz 05
880,6568,232,20.0,29.0,49.0,Borussia Mgladbach,1. FSV Mainz 05
881,6568,247,602.0,325.0,927.0,Borussia Mgladbach,1. FSV Mainz 05
882,6568,248,175.0,165.0,340.0,Borussia Mgladbach,1. FSV Mainz 05
883,6568,260,4.0,8.0,12.0,Borussia Mgladbach,1. FSV Mainz 05
884,6568,261,14.0,11.0,25.0,Borussia Mgladbach,1. FSV Mainz 05
885,6568,262,4.0,10.0,14.0,Borussia Mgladbach,1. FSV Mainz 05
886,6568,274,4.0,1.0,5.0,Borussia Mgladbach,1. FSV Mainz 05
887,6568,275,5.0,5.0,10.0,Borussia Mgladbach,1. FSV Mainz 05
888,6568,276,0.0,1.0,1.0,Borussia Mgladbach,1. FSV Mainz 05
889,6568,320,3.0,0.0,3.0,Borussia Mgladbach,1. FSV Mainz 05
890,6568,342,0.0,1.0,1.0,Borussia Mgladbach,1. FSV Mainz 05
891,6568,343,0.0,2.0,2.0,Borussia Mgladbach,1. FSV Mainz 05
892,6568,352,0.0,1.0,1.0,Borussia Mgladbach,1. FSV Mainz 05
893,6568,353,0.0,1.0,1.0,Borussia Mgladbach,1. FSV Mainz 05
894,6568,371,31.0,30.0,61.0,Borussia Mgladbach,1. FSV Mainz 05
895,6568,375,3.0,3.0,6.0,Borussia Mgladbach,1. FSV Mainz 05
896,6573,2,5.0,4.0,9.0,Eintracht Frankfurt,FC Augsburg
897,6573,3,1.0,1.0,2.0,Eintracht Frankfurt,FC Augsburg
898,6573,4,19.0,7.0,26.0,Eintracht Frankfurt,FC Augsburg
899,6573,6,5.0,5.0,10.0,Eintracht Frankfurt,FC Augsburg
900,6573,7,40.0,30.0,70.0,Eintracht Frankfurt,FC Augsburg
901,6573,10,2.0,2.0,4.0,Eintracht Frankfurt,FC Augsburg
902,6573,11,8.0,4.0,12.0,Eintracht Frankfurt,FC Augsburg
903,6573,13,4.0,2.0,6.0,Eintracht Frankfurt,FC Augsburg
904,6573,15,156.0,148.0,304.0,Eintracht Frankfurt,FC Augsburg
905,6573,16,1.0,0.0,1.0,Eintracht Frankfurt,FC Augsburg
906,6573,17,14.0,15.0,29.0,Eintracht Frankfurt,FC Augsburg
907,6573,18,19.0,19.0,38.0,Eintracht Frankfurt,FC Augsburg
908,6573,19,18.0,23.0,41.0,Eintracht Frankfurt,FC Augsburg
909,6573,21,1.0,4.0,5.0,Eintracht Frankfurt,FC Augsburg
910,6573,22,18.0,8.0,26.0,Eintracht Frankfurt,FC Augsburg
911,6573,23,4.0,4.0,8.0,Eintracht Frankfurt,FC Augsburg
912,6573,30,42.0,23.0,65.0,Eintracht Frankfurt,FC Augsburg
913,6573,31,6.0,1.0,7.0,Eintracht Frankfurt,FC Augsburg
914,6573,32,3.0,1.0,4.0,Eintracht Frankfurt,FC Augsburg
915,6573,33,2.0,2.0,4.0,Eintracht Frankfurt,FC Augsburg
916,6573,52,0.0,1.0,1.0,Eintracht Frankfurt,FC Augsburg
917,6573,63,1.0,0.0,1.0,Eintracht Frankfurt,FC Augsburg
918,6573,64,0.0,1.0,1.0,Eintracht Frankfurt,FC Augsburg
919,6573,65,0.0,1.0,1.0,Eintracht Frankfurt,FC Augsburg
920,6573,75,7.0,8.0,15.0,Eintracht Frankfurt,FC Augsburg
921,6573,79,1.0,1.0,2.0,Eintracht Frankfurt,FC Augsburg
922,6573,80,1.0,0.0,1.0,Eintracht Frankfurt,FC Augsburg
923,6573,114,3.0,1.0,4.0,Eintracht Frankfurt,FC Augsburg
924,6573,115,5.0,0.0,5.0,Eintracht Frankfurt,FC Augsburg
925,6573,117,2.0,1.0,3.0,Eintracht Frankfurt,FC Augsburg
926,6573,118,3.0,2.0,5.0,Eintracht Frankfurt,FC Augsburg
927,6573,211,77.0,88.0,165.0,Eintracht Frankfurt,FC Augsburg
928,6573,212,2.0,3.0,5.0,Eintracht Frankfurt,FC Augsburg
929,6573,213,19.0,21.0,40.0,Eintracht Frankfurt,FC Augsburg
930,6573,218,73.0,52.0,125.0,Eintracht Frankfurt,FC Augsburg
931,6573,220,0.0,1.0,1.0,Eintracht Frankfurt,FC Augsburg
932,6573,232,28.0,21.0,49.0,Eintracht Frankfurt,FC Augsburg
933,6573,247,334.0,320.0,654.0,Eintracht Frankfurt,FC Augsburg
934,6573,248,150.0,156.0,306.0,Eintracht Frankfurt,FC Augsburg
935,6573,260,2.0,4.0,6.0,Eintracht Frankfurt,FC Augsburg
936,6573,261,19.0,8.0,27.0,Eintracht Frankfurt,FC Augsburg
937,6573,262,2.0,2.0,4.0,Eintracht Frankfurt,FC Augsburg
938,6573,274,7.0,1.0,8.0,Eintracht Frankfurt,FC Augsburg
939,6573,275,9.0,0.0,9.0,Eintracht Frankfurt,FC Augsburg
940,6573,276,1.0,0.0,1.0,Eintracht Frankfurt,FC Augsburg
941,6573,343,2.0,1.0,3.0,Eintracht Frankfurt,FC Augsburg
942,6573,371,26.0,24.0,50.0,Eintracht Frankfurt,FC Augsburg
943,6573,375,6.0,3.0,9.0,Eintracht Frankfurt,FC Augsburg
944,6603,1,1.0,5.0,6.0,SV Werder Bremen,Borussia Mgladbach
945,6603,2,4.0,13.0,17.0,SV Werder Bremen,Borussia Mgladbach
946,6603,3,3.0,6.0,9.0,SV Werder Bremen,Borussia Mgladbach
947,6603,4,3.0,1.0,4.0,SV Werder Bremen,Borussia Mgladbach
948,6603,6,4.0,8.0,12.0,SV Werder Bremen,Borussia Mgladbach
949,6603,7,18.0,19.0,37.0,SV Werder Bremen,Borussia Mgladbach
950,6603,10,2.0,1.0,3.0,SV Werder Bremen,Borussia Mgladbach
951,6603,11,2.0,3.0,5.0,SV Werder Bremen,Borussia Mgladbach
952,6603,12,4.0,0.0,4.0,SV Werder Bremen,Borussia Mgladbach
953,6603,13,2.0,7.0,9.0,SV Werder Bremen,Borussia Mgladbach
954,6603,15,140.0,104.0,244.0,SV Werder Bremen,Borussia Mgladbach
955,6603,17,13.0,29.0,42.0,SV Werder Bremen,Borussia Mgladbach
956,6603,18,23.0,20.0,43.0,SV Werder Bremen,Borussia Mgladbach
957,6603,19,13.0,17.0,30.0,SV Werder Bremen,Borussia Mgladbach
958,6603,20,1.0,1.0,2.0,SV Werder Bremen,Borussia Mgladbach
959,6603,21,1.0,2.0,3.0,SV Werder Bremen,Borussia Mgladbach
960,6603,22,14.0,12.0,26.0,SV Werder Bremen,Borussia Mgladbach
961,6603,23,7.0,6.0,13.0,SV Werder Bremen,Borussia Mgladbach
962,6603,30,66.0,71.0,137.0,SV Werder Bremen,Borussia Mgladbach
963,6603,31,3.0,9.0,12.0,SV Werder Bremen,Borussia Mgladbach
964,6603,32,0.0,1.0,1.0,SV Werder Bremen,Borussia Mgladbach
965,6603,33,3.0,3.0,6.0,SV Werder Bremen,Borussia Mgladbach
966,6603,63,4.0,1.0,5.0,SV Werder Bremen,Borussia Mgladbach
967,6603,64,1.0,1.0,2.0,SV Werder Bremen,Borussia Mgladbach
968,6603,65,2.0,6.0,8.0,SV Werder Bremen,Borussia Mgladbach
969,6603,75,2.0,1.0,3.0,SV Werder Bremen,Borussia Mgladbach
970,6603,79,14.0,18.0,32.0,SV Werder Bremen,Borussia Mgladbach
971,6603,80,18.0,6.0,24.0,SV Werder Bremen,Borussia Mgladbach
972,6603,111,0.0,1.0,1.0,SV Werder Bremen,Borussia Mgladbach
973,6603,115,1.0,2.0,3.0,SV Werder Bremen,Borussia Mgladbach
974,6603,117,1.0,2.0,3.0,SV Werder Bremen,Borussia Mgladbach
975,6603,118,1.0,2.0,3.0,SV Werder Bremen,Borussia Mgladbach
976,6603,156,1.0,5.0,6.0,SV Werder Bremen,Borussia Mgladbach
977,6603,211,76.0,102.0,178.0,SV Werder Bremen,Borussia Mgladbach
978,6603,212,3.0,3.0,6.0,SV Werder Bremen,Borussia Mgladbach
979,6603,213,20.0,18.0,38.0,SV Werder Bremen,Borussia Mgladbach
980,6603,214,1.0,1.0,2.0,SV Werder Bremen,Borussia Mgladbach
981,6603,218,66.0,46.0,112.0,SV Werder Bremen,Borussia Mgladbach
982,6603,232,20.0,24.0,44.0,SV Werder Bremen,Borussia Mgladbach
983,6603,247,371.0,326.0,697.0,SV Werder Bremen,Borussia Mgladbach
984,6603,248,159.0,154.0,313.0,SV Werder Bremen,Borussia Mgladbach
985,6603,260,7.0,2.0,9.0,SV Werder Bremen,Borussia Mgladbach
986,6603,261,14.0,12.0,26.0,SV Werder Bremen,Borussia Mgladbach
987,6603,262,10.0,5.0,15.0,SV Werder Bremen,Borussia Mgladbach
988,6603,274,2.0,4.0,6.0,SV Werder Bremen,Borussia Mgladbach
989,6603,275,12.0,6.0,18.0,SV Werder Bremen,Borussia Mgladbach
990,6603,276,0.0,1.0,1.0,SV Werder Bremen,Borussia Mgladbach
991,6603,320,8.0,1.0,9.0,SV Werder Bremen,Borussia Mgladbach
992,6603,342,0.0,3.0,3.0,SV Werder Bremen,Borussia Mgladbach
993,6603,343,2.0,2.0,4.0,SV Werder Bremen,Borussia Mgladbach
994,6603,352,1.0,4.0,5.0,SV Werder Bremen,Borussia Mgladbach
995,6603,353,4.0,1.0,5.0,SV Werder Bremen,Borussia Mgladbach
996,6603,367,0.0,2.0,2.0,SV Werder Bremen,Borussia Mgladbach
997,6603,371,32.0,22.0,54.0,SV Werder Bremen,Borussia Mgladbach
998,6603,375,3.0,0.0,3.0,SV Werder Bremen,Borussia Mgladbach
999,6609,1,4.0,2.0,6.0,VfB Stuttgart,Eintracht Frankfurt
1000,6609,2,7.0,6.0,13.0,VfB Stuttgart,Eintracht Frankfurt
1001,6609,3,4.0,2.0,6.0,VfB Stuttgart,Eintracht Frankfurt
1002,6609,4,8.0,11.0,19.0,VfB Stuttgart,Eintracht Frankfurt
1003,6609,6,5.0,8.0,13.0,VfB Stuttgart,Eintracht Frankfurt
1004,6609,7,14.0,12.0,26.0,VfB Stuttgart,Eintracht Frankfurt
1005,6609,10,3.0,3.0,6.0,VfB Stuttgart,Eintracht Frankfurt
1006,6609,11,4.0,7.0,11.0,VfB Stuttgart,Eintracht Frankfurt
1007,6609,12,12.0,0.0,12.0,VfB Stuttgart,Eintracht Frankfurt
1008,6609,13,2.0,7.0,9.0,VfB Stuttgart,Eintracht Frankfurt
1009,6609,15,76.0,74.0,150.0,VfB Stuttgart,Eintracht Frankfurt
1010,6609,17,16.0,13.0,29.0,VfB Stuttgart,Eintracht Frankfurt
1011,6609,18,28.0,30.0,58.0,VfB Stuttgart,Eintracht Frankfurt
1012,6609,19,18.0,24.0,42.0,VfB Stuttgart,Eintracht Frankfurt
1013,6609,20,1.0,0.0,1.0,VfB Stuttgart,Eintracht Frankfurt
1014,6609,21,3.0,2.0,5.0,VfB Stuttgart,Eintracht Frankfurt
1015,6609,22,9.0,15.0,24.0,VfB Stuttgart,Eintracht Frankfurt
1016,6609,23,8.0,7.0,15.0,VfB Stuttgart,Eintracht Frankfurt
1017,6609,30,51.0,41.0,92.0,VfB Stuttgart,Eintracht Frankfurt
1018,6609,31,9.0,7.0,16.0,VfB Stuttgart,Eintracht Frankfurt
1019,6609,32,2.0,1.0,3.0,VfB Stuttgart,Eintracht Frankfurt
1020,6609,33,3.0,3.0,6.0,VfB Stuttgart,Eintracht Frankfurt
1021,6609,52,1.0,1.0,2.0,VfB Stuttgart,Eintracht Frankfurt
1022,6609,63,0.0,1.0,1.0,VfB Stuttgart,Eintracht Frankfurt
1023,6609,64,0.0,5.0,5.0,VfB Stuttgart,Eintracht Frankfurt
1024,6609,65,4.0,0.0,4.0,VfB Stuttgart,Eintracht Frankfurt
1025,6609,75,3.0,5.0,8.0,VfB Stuttgart,Eintracht Frankfurt
1026,6609,79,8.0,6.0,14.0,VfB Stuttgart,Eintracht Frankfurt
1027,6609,80,7.0,3.0,10.0,VfB Stuttgart,Eintracht Frankfurt
1028,6609,115,5.0,3.0,8.0,VfB Stuttgart,Eintracht Frankfurt
1029,6609,116,1.0,0.0,1.0,VfB Stuttgart,Eintracht Frankfurt
1030,6609,118,4.0,3.0,7.0,VfB Stuttgart,Eintracht Frankfurt
1031,6609,156,4.0,2.0,6.0,VfB Stuttgart,Eintracht Frankfurt
1032,6609,211,75.0,82.0,157.0,VfB Stuttgart,Eintracht Frankfurt
1033,6609,212,3.0,3.0,6.0,VfB Stuttgart,Eintracht Frankfurt
1034,6609,213,17.0,11.0,28.0,VfB Stuttgart,Eintracht Frankfurt
1035,6609,214,2.0,2.0,4.0,VfB Stuttgart,Eintracht Frankfurt
1036,6609,216,1.0,1.0,2.0,VfB Stuttgart,Eintracht Frankfurt
1037,6609,218,31.0,30.0,61.0,VfB Stuttgart,Eintracht Frankfurt
1038,6609,232,23.0,14.0,37.0,VfB Stuttgart,Eintracht Frankfurt
1039,6609,247,389.0,562.0,951.0,VfB Stuttgart,Eintracht Frankfurt
1040,6609,248,129.0,133.0,262.0,VfB Stuttgart,Eintracht Frankfurt
1041,6609,260,7.0,2.0,9.0,VfB Stuttgart,Eintracht Frankfurt
1042,6609,261,11.0,16.0,27.0,VfB Stuttgart,Eintracht Frankfurt
1043,6609,262,4.0,2.0,6.0,VfB Stuttgart,Eintracht Frankfurt
1044,6609,274,4.0,4.0,8.0,VfB Stuttgart,Eintracht Frankfurt
1045,6609,275,4.0,8.0,12.0,VfB Stuttgart,Eintracht Frankfurt
1046,6609,320,2.0,6.0,8.0,VfB Stuttgart,Eintracht Frankfurt
1047,6609,342,3.0,1.0,4.0,VfB Stuttgart,Eintracht Frankfurt
1048,6609,343,4.0,0.0,4.0,VfB Stuttgart,Eintracht Frankfurt
1049,6609,352,4.0,2.0,6.0,VfB Stuttgart,Eintracht Frankfurt
1050,6609,353,3.0,3.0,6.0,VfB Stuttgart,Eintracht Frankfurt
1051,6609,367,3.0,0.0,3.0,VfB Stuttgart,Eintracht Frankfurt
1052,6609,371,28.0,28.0,56.0,VfB Stuttgart,Eintracht Frankfurt
1053,6609,375,4.0,0.0,4.0,VfB Stuttgart,Eintracht Frankfurt
1054,6647,1,1.0,3.0,4.0,Eintracht Frankfurt,1. FC Koln
1055,6647,2,8.0,9.0,17.0,Eintracht Frankfurt,1. FC Koln
1056,6647,3,8.0,7.0,15.0,Eintracht Frankfurt,1. FC Koln
1057,6647,4,7.0,8.0,15.0,Eintracht Frankfurt,1. FC Koln
1058,6647,6,8.0,6.0,14.0,Eintracht Frankfurt,1. FC Koln
1059,6647,7,13.0,31.0,44.0,Eintracht Frankfurt,1. FC Koln
1060,6647,10,6.0,2.0,8.0,Eintracht Frankfurt,1. FC Koln
1061,6647,11,9.0,8.0,17.0,Eintracht Frankfurt,1. FC Koln
1062,6647,12,0.0,4.0,4.0,Eintracht Frankfurt,1. FC Koln
1063,6647,13,4.0,7.0,11.0,Eintracht Frankfurt,1. FC Koln
1064,6647,15,98.0,115.0,213.0,Eintracht Frankfurt,1. FC Koln
1065,6647,17,15.0,33.0,48.0,Eintracht Frankfurt,1. FC Koln
1066,6647,18,11.0,13.0,24.0,Eintracht Frankfurt,1. FC Koln
1067,6647,19,21.0,30.0,51.0,Eintracht Frankfurt,1. FC Koln
1068,6647,21,0.0,3.0,3.0,Eintracht Frankfurt,1. FC Koln
1069,6647,22,16.0,18.0,34.0,Eintracht Frankfurt,1. FC Koln
1070,6647,23,4.0,5.0,9.0,Eintracht Frankfurt,1. FC Koln
1071,6647,30,62.0,40.0,102.0,Eintracht Frankfurt,1. FC Koln
1072,6647,31,4.0,7.0,11.0,Eintracht Frankfurt,1. FC Koln
1073,6647,32,5.0,2.0,7.0,Eintracht Frankfurt,1. FC Koln
1074,6647,33,2.0,4.0,6.0,Eintracht Frankfurt,1. FC Koln
1075,6647,63,0.0,1.0,1.0,Eintracht Frankfurt,1. FC Koln
1076,6647,64,2.0,0.0,2.0,Eintracht Frankfurt,1. FC Koln
1077,6647,65,8.0,1.0,9.0,Eintracht Frankfurt,1. FC Koln
1078,6647,75,2.0,1.0,3.0,Eintracht Frankfurt,1. FC Koln
1079,6647,79,10.0,4.0,14.0,Eintracht Frankfurt,1. FC Koln
1080,6647,80,5.0,3.0,8.0,Eintracht Frankfurt,1. FC Koln
1081,6647,91,0.0,1.0,1.0,Eintracht Frankfurt,1. FC Koln
1082,6647,115,1.0,2.0,3.0,Eintracht Frankfurt,1. FC Koln
1083,6647,116,0.0,1.0,1.0,Eintracht Frankfurt,1. FC Koln
1084,6647,117,2.0,2.0,4.0,Eintracht Frankfurt,1. FC Koln
1085,6647,118,3.0,0.0,3.0,Eintracht Frankfurt,1. FC Koln
1086,6647,156,1.0,3.0,4.0,Eintracht Frankfurt,1. FC Koln
1087,6647,211,81.0,91.0,172.0,Eintracht Frankfurt,1. FC Koln
1088,6647,212,2.0,3.0,5.0,Eintracht Frankfurt,1. FC Koln
1089,6647,213,20.0,16.0,36.0,Eintracht Frankfurt,1. FC Koln
1090,6647,214,3.0,1.0,4.0,Eintracht Frankfurt,1. FC Koln
1091,6647,218,32.0,53.0,85.0,Eintracht Frankfurt,1. FC Koln
1092,6647,232,11.0,24.0,35.0,Eintracht Frankfurt,1. FC Koln
1093,6647,247,473.0,376.0,849.0,Eintracht Frankfurt,1. FC Koln
1094,6647,248,150.0,128.0,278.0,Eintracht Frankfurt,1. FC Koln
1095,6647,260,8.0,4.0,12.0,Eintracht Frankfurt,1. FC Koln
1096,6647,261,18.0,18.0,36.0,Eintracht Frankfurt,1. FC Koln
1097,6647,262,4.0,4.0,8.0,Eintracht Frankfurt,1. FC Koln
1098,6647,274,3.0,3.0,6.0,Eintracht Frankfurt,1. FC Koln
1099,6647,275,7.0,11.0,18.0,Eintracht Frankfurt,1. FC Koln
1100,6647,276,0.0,1.0,1.0,Eintracht Frankfurt,1. FC Koln
1101,6647,320,4.0,2.0,6.0,Eintracht Frankfurt,1. FC Koln
1102,6647,342,1.0,3.0,4.0,Eintracht Frankfurt,1. FC Koln
1103,6647,343,2.0,1.0,3.0,Eintracht Frankfurt,1. FC Koln
1104,6647,352,1.0,3.0,4.0,Eintracht Frankfurt,1. FC Koln
1105,6647,353,3.0,1.0,4.0,Eintracht Frankfurt,1. FC Koln
1106,6647,367,1.0,1.0,2.0,Eintracht Frankfurt,1. FC Koln
1107,6647,371,29.0,19.0,48.0,Eintracht Frankfurt,1. FC Koln
1108,6647,375,1.0,2.0,3.0,Eintracht Frankfurt,1. FC Koln
1109,6652,1,3.0,2.0,5.0,Borussia Mgladbach,Hamburger SV
1110,6652,2,11.0,12.0,23.0,Borussia Mgladbach,Hamburger SV
1111,6652,3,10.0,9.0,19.0,Borussia Mgladbach,Hamburger SV
1112,6652,4,6.0,4.0,10.0,Borussia Mgladbach,Hamburger SV
1113,6652,6,11.0,4.0,15.0,Borussia Mgladbach,Hamburger SV
1114,6652,7,46.0,48.0,94.0,Borussia Mgladbach,Hamburger SV
1115,6652,10,1.0,3.0,4.0,Borussia Mgladbach,Hamburger SV
1116,6652,11,2.0,6.0,8.0,Borussia Mgladbach,Hamburger SV
1117,6652,12,6.0,2.0,8.0,Borussia Mgladbach,Hamburger SV
1118,6652,13,3.0,6.0,9.0,Borussia Mgladbach,Hamburger SV
1119,6652,15,89.0,113.0,202.0,Borussia Mgladbach,Hamburger SV
1120,6652,17,16.0,30.0,46.0,Borussia Mgladbach,Hamburger SV
1121,6652,18,18.0,27.0,45.0,Borussia Mgladbach,Hamburger SV
1122,6652,19,29.0,19.0,48.0,Borussia Mgladbach,Hamburger SV
1123,6652,21,2.0,0.0,2.0,Borussia Mgladbach,Hamburger SV
1124,6652,22,15.0,9.0,24.0,Borussia Mgladbach,Hamburger SV
1125,6652,23,3.0,10.0,13.0,Borussia Mgladbach,Hamburger SV
1126,6652,30,33.0,49.0,82.0,Borussia Mgladbach,Hamburger SV
1127,6652,31,5.0,9.0,14.0,Borussia Mgladbach,Hamburger SV
1128,6652,32,4.0,1.0,5.0,Borussia Mgladbach,Hamburger SV
1129,6652,33,4.0,3.0,7.0,Borussia Mgladbach,Hamburger SV
1130,6652,52,0.0,1.0,1.0,Borussia Mgladbach,Hamburger SV
1131,6652,63,0.0,1.0,1.0,Borussia Mgladbach,Hamburger SV
1132,6652,65,1.0,1.0,2.0,Borussia Mgladbach,Hamburger SV
1133,6652,75,2.0,2.0,4.0,Borussia Mgladbach,Hamburger SV
1134,6652,79,2.0,5.0,7.0,Borussia Mgladbach,Hamburger SV
1135,6652,80,1.0,0.0,1.0,Borussia Mgladbach,Hamburger SV
1136,6652,115,2.0,2.0,4.0,Borussia Mgladbach,Hamburger SV
1137,6652,117,0.0,4.0,4.0,Borussia Mgladbach,Hamburger SV
1138,6652,118,0.0,2.0,2.0,Borussia Mgladbach,Hamburger SV
1139,6652,156,3.0,2.0,5.0,Borussia Mgladbach,Hamburger SV
1140,6652,211,92.0,85.0,177.0,Borussia Mgladbach,Hamburger SV
1141,6652,212,3.0,3.0,6.0,Borussia Mgladbach,Hamburger SV
1142,6652,213,30.0,20.0,50.0,Borussia Mgladbach,Hamburger SV
1143,6652,214,2.0,0.0,2.0,Borussia Mgladbach,Hamburger SV
1144,6652,216,0.0,1.0,1.0,Borussia Mgladbach,Hamburger SV
1145,6652,218,62.0,64.0,126.0,Borussia Mgladbach,Hamburger SV
1146,6652,220,1.0,3.0,4.0,Borussia Mgladbach,Hamburger SV
1147,6652,232,23.0,26.0,49.0,Borussia Mgladbach,Hamburger SV
1148,6652,247,480.0,322.0,802.0,Borussia Mgladbach,Hamburger SV
1149,6652,248,204.0,190.0,394.0,Borussia Mgladbach,Hamburger SV
1150,6652,260,6.0,3.0,9.0,Borussia Mgladbach,Hamburger SV
1151,6652,261,17.0,13.0,30.0,Borussia Mgladbach,Hamburger SV
1152,6652,262,3.0,6.0,9.0,Borussia Mgladbach,Hamburger SV
1153,6652,274,2.0,5.0,7.0,Borussia Mgladbach,Hamburger SV
1154,6652,275,5.0,3.0,8.0,Borussia Mgladbach,Hamburger SV
1155,6652,320,12.0,3.0,15.0,Borussia Mgladbach,Hamburger SV
1156,6652,342,1.0,2.0,3.0,Borussia Mgladbach,Hamburger SV
1157,6652,343,1.0,0.0,1.0,Borussia Mgladbach,Hamburger SV
1158,6652,352,2.0,3.0,5.0,Borussia Mgladbach,Hamburger SV
1159,6652,353,4.0,1.0,5.0,Borussia Mgladbach,Hamburger SV
1160,6652,367,1.0,2.0,3.0,Borussia Mgladbach,Hamburger SV
1161,6652,371,37.0,36.0,73.0,Borussia Mgladbach,Hamburger SV
1162,6652,375,2.0,5.0,7.0,Borussia Mgladbach,Hamburger SV
1163,6681,2,10.0,8.0,18.0,Hamburger SV,Eintracht Frankfurt
1164,6681,3,17.0,12.0,29.0,Hamburger SV,Eintracht Frankfurt
1165,6681,4,4.0,9.0,13.0,Hamburger SV,Eintracht Frankfurt
1166,6681,6,7.0,3.0,10.0,Hamburger SV,Eintracht Frankfurt
1167,6681,7,29.0,48.0,77.0,Hamburger SV,Eintracht Frankfurt
1168,6681,10,3.0,2.0,5.0,Hamburger SV,Eintracht Frankfurt
1169,6681,11,4.0,16.0,20.0,Hamburger SV,Eintracht Frankfurt
1170,6681,12,6.0,6.0,12.0,Hamburger SV,Eintracht Frankfurt
1171,6681,13,3.0,3.0,6.0,Hamburger SV,Eintracht Frankfurt
1172,6681,15,187.0,137.0,324.0,Hamburger SV,Eintracht Frankfurt
1173,6681,17,18.0,18.0,36.0,Hamburger SV,Eintracht Frankfurt
1174,6681,18,27.0,27.0,54.0,Hamburger SV,Eintracht Frankfurt
1175,6681,19,60.0,30.0,90.0,Hamburger SV,Eintracht Frankfurt
1176,6681,21,0.0,2.0,2.0,Hamburger SV,Eintracht Frankfurt
1177,6681,22,12.0,20.0,32.0,Hamburger SV,Eintracht Frankfurt
1178,6681,23,5.0,4.0,9.0,Hamburger SV,Eintracht Frankfurt
1179,6681,30,34.0,28.0,62.0,Hamburger SV,Eintracht Frankfurt
1180,6681,31,1.0,2.0,3.0,Hamburger SV,Eintracht Frankfurt
1181,6681,32,5.0,8.0,13.0,Hamburger SV,Eintracht Frankfurt
1182,6681,33,2.0,3.0,5.0,Hamburger SV,Eintracht Frankfurt
1183,6681,52,1.0,1.0,2.0,Hamburger SV,Eintracht Frankfurt
1184,6681,63,1.0,1.0,2.0,Hamburger SV,Eintracht Frankfurt
1185,6681,64,1.0,0.0,1.0,Hamburger SV,Eintracht Frankfurt
1186,6681,65,3.0,1.0,4.0,Hamburger SV,Eintracht Frankfurt
1187,6681,75,7.0,3.0,10.0,Hamburger SV,Eintracht Frankfurt
1188,6681,79,4.0,1.0,5.0,Hamburger SV,Eintracht Frankfurt
1189,6681,80,3.0,5.0,8.0,Hamburger SV,Eintracht Frankfurt
1190,6681,114,1.0,1.0,2.0,Hamburger SV,Eintracht Frankfurt
1191,6681,115,0.0,2.0,2.0,Hamburger SV,Eintracht Frankfurt
1192,6681,117,1.0,0.0,1.0,Hamburger SV,Eintracht Frankfurt
1193,6681,118,1.0,1.0,2.0,Hamburger SV,Eintracht Frankfurt
1194,6681,211,97.0,101.0,198.0,Hamburger SV,Eintracht Frankfurt
1195,6681,212,3.0,3.0,6.0,Hamburger SV,Eintracht Frankfurt
1196,6681,213,17.0,13.0,30.0,Hamburger SV,Eintracht Frankfurt
1197,6681,218,37.0,66.0,103.0,Hamburger SV,Eintracht Frankfurt
1198,6681,232,32.0,16.0,48.0,Hamburger SV,Eintracht Frankfurt
1199,6681,247,424.0,369.0,793.0,Hamburger SV,Eintracht Frankfurt
1200,6681,248,156.0,182.0,338.0,Hamburger SV,Eintracht Frankfurt
1201,6681,260,3.0,3.0,6.0,Hamburger SV,Eintracht Frankfurt
1202,6681,261,15.0,22.0,37.0,Hamburger SV,Eintracht Frankfurt
1203,6681,262,6.0,4.0,10.0,Hamburger SV,Eintracht Frankfurt
1204,6681,274,1.0,2.0,3.0,Hamburger SV,Eintracht Frankfurt
1205,6681,275,3.0,7.0,10.0,Hamburger SV,Eintracht Frankfurt
1206,6681,343,1.0,0.0,1.0,Hamburger SV,Eintracht Frankfurt
1207,6681,371,32.0,29.0,61.0,Hamburger SV,Eintracht Frankfurt
1208,6681,375,1.0,3.0,4.0,Hamburger SV,Eintracht Frankfurt
1209,6685,1,0.0,1.0,1.0,1. FC Koln,Borussia Mgladbach
1210,6685,2,6.0,5.0,11.0,1. FC Koln,Borussia Mgladbach
1211,6685,3,1.0,1.0,2.0,1. FC Koln,Borussia Mgladbach
1212,6685,4,8.0,2.0,10.0,1. FC Koln,Borussia Mgladbach
1213,6685,6,7.0,13.0,20.0,1. FC Koln,Borussia Mgladbach
1214,6685,7,25.0,35.0,60.0,1. FC Koln,Borussia Mgladbach
1215,6685,10,3.0,2.0,5.0,1. FC Koln,Borussia Mgladbach
1216,6685,11,6.0,3.0,9.0,1. FC Koln,Borussia Mgladbach
1217,6685,12,0.0,2.0,2.0,1. FC Koln,Borussia Mgladbach
1218,6685,13,4.0,4.0,8.0,1. FC Koln,Borussia Mgladbach
1219,6685,15,238.0,236.0,474.0,1. FC Koln,Borussia Mgladbach
1220,6685,17,26.0,18.0,44.0,1. FC Koln,Borussia Mgladbach
1221,6685,18,27.0,24.0,51.0,1. FC Koln,Borussia Mgladbach
1222,6685,19,33.0,64.0,97.0,1. FC Koln,Borussia Mgladbach
1223,6685,21,5.0,0.0,5.0,1. FC Koln,Borussia Mgladbach
1224,6685,22,18.0,21.0,39.0,1. FC Koln,Borussia Mgladbach
1225,6685,23,3.0,6.0,9.0,1. FC Koln,Borussia Mgladbach
1226,6685,30,35.0,46.0,81.0,1. FC Koln,Borussia Mgladbach
1227,6685,31,7.0,5.0,12.0,1. FC Koln,Borussia Mgladbach
1228,6685,32,2.0,1.0,3.0,1. FC Koln,Borussia Mgladbach
1229,6685,33,2.0,2.0,4.0,1. FC Koln,Borussia Mgladbach
1230,6685,63,1.0,0.0,1.0,1. FC Koln,Borussia Mgladbach
1231,6685,75,4.0,3.0,7.0,1. FC Koln,Borussia Mgladbach
1232,6685,79,3.0,5.0,8.0,1. FC Koln,Borussia Mgladbach
1233,6685,80,8.0,7.0,15.0,1. FC Koln,Borussia Mgladbach
1234,6685,115,3.0,4.0,7.0,1. FC Koln,Borussia Mgladbach
1235,6685,116,0.0,1.0,1.0,1. FC Koln,Borussia Mgladbach
1236,6685,117,2.0,0.0,2.0,1. FC Koln,Borussia Mgladbach
1237,6685,118,3.0,1.0,4.0,1. FC Koln,Borussia Mgladbach
1238,6685,156,0.0,1.0,1.0,1. FC Koln,Borussia Mgladbach
1239,6685,211,114.0,85.0,199.0,1. FC Koln,Borussia Mgladbach
1240,6685,212,3.0,3.0,6.0,1. FC Koln,Borussia Mgladbach
1241,6685,213,18.0,17.0,35.0,1. FC Koln,Borussia Mgladbach
1242,6685,214,0.0,1.0,1.0,1. FC Koln,Borussia Mgladbach
1243,6685,218,58.0,63.0,121.0,1. FC Koln,Borussia Mgladbach
1244,6685,232,13.0,34.0,47.0,1. FC Koln,Borussia Mgladbach
1245,6685,247,322.0,470.0,792.0,1. FC Koln,Borussia Mgladbach
1246,6685,248,167.0,148.0,315.0,1. FC Koln,Borussia Mgladbach
1247,6685,260,4.0,4.0,8.0,1. FC Koln,Borussia Mgladbach
1248,6685,261,11.0,15.0,26.0,1. FC Koln,Borussia Mgladbach
1249,6685,262,4.0,6.0,10.0,1. FC Koln,Borussia Mgladbach
1250,6685,274,5.0,3.0,8.0,1. FC Koln,Borussia Mgladbach
1251,6685,275,5.0,7.0,12.0,1. FC Koln,Borussia Mgladbach
1252,6685,276,1.0,0.0,1.0,1. FC Koln,Borussia Mgladbach
1253,6685,320,4.0,0.0,4.0,1. FC Koln,Borussia Mgladbach
1254,6685,342,0.0,1.0,1.0,1. FC Koln,Borussia Mgladbach
1255,6685,343,1.0,4.0,5.0,1. FC Koln,Borussia Mgladbach
1256,6685,352,0.0,1.0,1.0,1. FC Koln,Borussia Mgladbach
1257,6685,353,0.0,1.0,1.0,1. FC Koln,Borussia Mgladbach
1258,6685,367,0.0,1.0,1.0,1. FC Koln,Borussia Mgladbach
1259,6685,371,36.0,20.0,56.0,1. FC Koln,Borussia Mgladbach
1260,6685,375,10.0,3.0,13.0,1. FC Koln,Borussia Mgladbach
1261,6725,1,2.0,2.0,4.0,Borussia Mgladbach,FC Augsburg
1262,6725,2,4.0,6.0,10.0,Borussia Mgladbach,FC Augsburg
1263,6725,3,2.0,4.0,6.0,Borussia Mgladbach,FC Augsburg
1264,6725,4,5.0,20.0,25.0,Borussia Mgladbach,FC Augsburg
1265,6725,6,3.0,7.0,10.0,Borussia Mgladbach,FC Augsburg
1266,6725,7,23.0,26.0,49.0,Borussia Mgladbach,FC Augsburg
1267,6725,11,4.0,8.0,12.0,Borussia Mgladbach,FC Augsburg
1268,6725,12,4.0,4.0,8.0,Borussia Mgladbach,FC Augsburg
1269,6725,13,2.0,5.0,7.0,Borussia Mgladbach,FC Augsburg
1270,6725,15,101.0,119.0,220.0,Borussia Mgladbach,FC Augsburg
1271,6725,17,23.0,17.0,40.0,Borussia Mgladbach,FC Augsburg
1272,6725,18,28.0,37.0,65.0,Borussia Mgladbach,FC Augsburg
1273,6725,19,30.0,24.0,54.0,Borussia Mgladbach,FC Augsburg
1274,6725,21,0.0,2.0,2.0,Borussia Mgladbach,FC Augsburg
1275,6725,22,17.0,8.0,25.0,Borussia Mgladbach,FC Augsburg
1276,6725,23,6.0,12.0,18.0,Borussia Mgladbach,FC Augsburg
1277,6725,30,30.0,80.0,110.0,Borussia Mgladbach,FC Augsburg
1278,6725,31,7.0,3.0,10.0,Borussia Mgladbach,FC Augsburg
1279,6725,32,6.0,5.0,11.0,Borussia Mgladbach,FC Augsburg
1280,6725,33,2.0,1.0,3.0,Borussia Mgladbach,FC Augsburg
1281,6725,52,1.0,0.0,1.0,Borussia Mgladbach,FC Augsburg
1282,6725,64,1.0,0.0,1.0,Borussia Mgladbach,FC Augsburg
1283,6725,65,3.0,3.0,6.0,Borussia Mgladbach,FC Augsburg
1284,6725,75,3.0,1.0,4.0,Borussia Mgladbach,FC Augsburg
1285,6725,79,12.0,12.0,24.0,Borussia Mgladbach,FC Augsburg
1286,6725,80,4.0,11.0,15.0,Borussia Mgladbach,FC Augsburg
1287,6725,114,1.0,0.0,1.0,Borussia Mgladbach,FC Augsburg
1288,6725,115,4.0,2.0,6.0,Borussia Mgladbach,FC Augsburg
1289,6725,116,1.0,0.0,1.0,Borussia Mgladbach,FC Augsburg
1290,6725,118,3.0,0.0,3.0,Borussia Mgladbach,FC Augsburg
1291,6725,156,2.0,2.0,4.0,Borussia Mgladbach,FC Augsburg
1292,6725,211,85.0,79.0,164.0,Borussia Mgladbach,FC Augsburg
1293,6725,212,3.0,3.0,6.0,Borussia Mgladbach,FC Augsburg
1294,6725,213,29.0,25.0,54.0,Borussia Mgladbach,FC Augsburg
1295,6725,214,0.0,2.0,2.0,Borussia Mgladbach,FC Augsburg
1296,6725,215,0.0,2.0,2.0,Borussia Mgladbach,FC Augsburg
1297,6725,218,62.0,47.0,109.0,Borussia Mgladbach,FC Augsburg
1298,6725,232,22.0,18.0,40.0,Borussia Mgladbach,FC Augsburg
1299,6725,247,509.0,459.0,968.0,Borussia Mgladbach,FC Augsburg
1300,6725,248,148.0,148.0,296.0,Borussia Mgladbach,FC Augsburg
1301,6725,260,5.0,2.0,7.0,Borussia Mgladbach,FC Augsburg
1302,6725,261,16.0,10.0,26.0,Borussia Mgladbach,FC Augsburg
1303,6725,262,2.0,8.0,10.0,Borussia Mgladbach,FC Augsburg
1304,6725,274,4.0,2.0,6.0,Borussia Mgladbach,FC Augsburg
1305,6725,275,6.0,5.0,11.0,Borussia Mgladbach,FC Augsburg
1306,6725,276,1.0,0.0,1.0,Borussia Mgladbach,FC Augsburg
1307,6725,320,3.0,4.0,7.0,Borussia Mgladbach,FC Augsburg
1308,6725,342,2.0,1.0,3.0,Borussia Mgladbach,FC Augsburg
1309,6725,343,2.0,2.0,4.0,Borussia Mgladbach,FC Augsburg
1310,6725,352,2.0,2.0,4.0,Borussia Mgladbach,FC Augsburg
1311,6725,353,2.0,2.0,4.0,Borussia Mgladbach,FC Augsburg
1312,6725,367,2.0,0.0,2.0,Borussia Mgladbach,FC Augsburg
1313,6725,371,33.0,30.0,63.0,Borussia Mgladbach,FC Augsburg
1314,6725,375,3.0,1.0,4.0,Borussia Mgladbach,FC Augsburg
1315,6730,2,4.0,7.0,11.0,FC Schalke 04,Eintracht Frankfurt
1316,6730,3,4.0,2.0,6.0,FC Schalke 04,Eintracht Frankfurt
1317,6730,4,10.0,13.0,23.0,FC Schalke 04,Eintracht Frankfurt
1318,6730,6,9.0,4.0,13.0,FC Schalke 04,Eintracht Frankfurt
1319,6730,7,53.0,39.0,92.0,FC Schalke 04,Eintracht Frankfurt
1320,6730,10,2.0,1.0,3.0,FC Schalke 04,Eintracht Frankfurt
1321,6730,11,9.0,5.0,14.0,FC Schalke 04,Eintracht Frankfurt
1322,6730,12,3.0,1.0,4.0,FC Schalke 04,Eintracht Frankfurt
1323,6730,13,5.0,3.0,8.0,FC Schalke 04,Eintracht Frankfurt
1324,6730,15,95.0,88.0,183.0,FC Schalke 04,Eintracht Frankfurt
1325,6730,17,26.0,22.0,48.0,FC Schalke 04,Eintracht Frankfurt
1326,6730,18,18.0,19.0,37.0,FC Schalke 04,Eintracht Frankfurt
1327,6730,19,27.0,22.0,49.0,FC Schalke 04,Eintracht Frankfurt
1328,6730,21,1.0,4.0,5.0,FC Schalke 04,Eintracht Frankfurt
1329,6730,22,13.0,12.0,25.0,FC Schalke 04,Eintracht Frankfurt
1330,6730,23,2.0,8.0,10.0,FC Schalke 04,Eintracht Frankfurt
1331,6730,30,18.0,29.0,47.0,FC Schalke 04,Eintracht Frankfurt
1332,6730,31,2.0,5.0,7.0,FC Schalke 04,Eintracht Frankfurt
1333,6730,32,0.0,1.0,1.0,FC Schalke 04,Eintracht Frankfurt
1334,6730,33,2.0,6.0,8.0,FC Schalke 04,Eintracht Frankfurt
1335,6730,52,0.0,1.0,1.0,FC Schalke 04,Eintracht Frankfurt
1336,6730,63,1.0,1.0,2.0,FC Schalke 04,Eintracht Frankfurt
1337,6730,64,4.0,3.0,7.0,FC Schalke 04,Eintracht Frankfurt
1338,6730,65,3.0,0.0,3.0,FC Schalke 04,Eintracht Frankfurt
1339,6730,75,7.0,6.0,13.0,FC Schalke 04,Eintracht Frankfurt
1340,6730,79,15.0,16.0,31.0,FC Schalke 04,Eintracht Frankfurt
1341,6730,80,15.0,7.0,22.0,FC Schalke 04,Eintracht Frankfurt
1342,6730,111,1.0,0.0,1.0,FC Schalke 04,Eintracht Frankfurt
1343,6730,115,2.0,4.0,6.0,FC Schalke 04,Eintracht Frankfurt
1344,6730,117,0.0,1.0,1.0,FC Schalke 04,Eintracht Frankfurt
1345,6730,118,0.0,2.0,2.0,FC Schalke 04,Eintracht Frankfurt
1346,6730,211,77.0,74.0,151.0,FC Schalke 04,Eintracht Frankfurt
1347,6730,212,3.0,3.0,6.0,FC Schalke 04,Eintracht Frankfurt
1348,6730,213,28.0,21.0,49.0,FC Schalke 04,Eintracht Frankfurt
1349,6730,214,3.0,0.0,3.0,FC Schalke 04,Eintracht Frankfurt
1350,6730,215,0.0,1.0,1.0,FC Schalke 04,Eintracht Frankfurt
1351,6730,218,75.0,56.0,131.0,FC Schalke 04,Eintracht Frankfurt
1352,6730,232,20.0,18.0,38.0,FC Schalke 04,Eintracht Frankfurt
1353,6730,247,452.0,373.0,825.0,FC Schalke 04,Eintracht Frankfurt
1354,6730,248,151.0,143.0,294.0,FC Schalke 04,Eintracht Frankfurt
1355,6730,260,3.0,5.0,8.0,FC Schalke 04,Eintracht Frankfurt
1356,6730,261,12.0,12.0,24.0,FC Schalke 04,Eintracht Frankfurt
1357,6730,262,4.0,4.0,8.0,FC Schalke 04,Eintracht Frankfurt
1358,6730,274,2.0,5.0,7.0,FC Schalke 04,Eintracht Frankfurt
1359,6730,275,10.0,11.0,21.0,FC Schalke 04,Eintracht Frankfurt
1360,6730,276,0.0,1.0,1.0,FC Schalke 04,Eintracht Frankfurt
1361,6730,343,2.0,1.0,3.0,FC Schalke 04,Eintracht Frankfurt
1362,6730,371,24.0,28.0,52.0,FC Schalke 04,Eintracht Frankfurt
1363,6730,375,0.0,3.0,3.0,FC Schalke 04,Eintracht Frankfurt
1364,6755,1,1.0,3.0,4.0,VfB Stuttgart,Borussia Mgladbach
1365,6755,2,3.0,12.0,15.0,VfB Stuttgart,Borussia Mgladbach
1366,6755,3,3.0,5.0,8.0,VfB Stuttgart,Borussia Mgladbach
1367,6755,4,11.0,4.0,15.0,VfB Stuttgart,Borussia Mgladbach
1368,6755,6,3.0,8.0,11.0,VfB Stuttgart,Borussia Mgladbach
1369,6755,7,26.0,28.0,54.0,VfB Stuttgart,Borussia Mgladbach
1370,6755,10,2.0,1.0,3.0,VfB Stuttgart,Borussia Mgladbach
1371,6755,11,5.0,2.0,7.0,VfB Stuttgart,Borussia Mgladbach
1372,6755,12,5.0,5.0,10.0,VfB Stuttgart,Borussia Mgladbach
1373,6755,13,2.0,4.0,6.0,VfB Stuttgart,Borussia Mgladbach
1374,6755,15,73.0,75.0,148.0,VfB Stuttgart,Borussia Mgladbach
1375,6755,17,17.0,18.0,35.0,VfB Stuttgart,Borussia Mgladbach
1376,6755,18,26.0,32.0,58.0,VfB Stuttgart,Borussia Mgladbach
1377,6755,19,28.0,47.0,75.0,VfB Stuttgart,Borussia Mgladbach
1378,6755,21,0.0,1.0,1.0,VfB Stuttgart,Borussia Mgladbach
1379,6755,22,9.0,14.0,23.0,VfB Stuttgart,Borussia Mgladbach
1380,6755,23,5.0,9.0,14.0,VfB Stuttgart,Borussia Mgladbach
1381,6755,30,28.0,41.0,69.0,VfB Stuttgart,Borussia Mgladbach
1382,6755,31,4.0,5.0,9.0,VfB Stuttgart,Borussia Mgladbach
1383,6755,32,2.0,0.0,2.0,VfB Stuttgart,Borussia Mgladbach
1384,6755,33,1.0,2.0,3.0,VfB Stuttgart,Borussia Mgladbach
1385,6755,52,0.0,1.0,1.0,VfB Stuttgart,Borussia Mgladbach
1386,6755,64,0.0,2.0,2.0,VfB Stuttgart,Borussia Mgladbach
1387,6755,65,5.0,5.0,10.0,VfB Stuttgart,Borussia Mgladbach
1388,6755,75,3.0,2.0,5.0,VfB Stuttgart,Borussia Mgladbach
1389,6755,79,11.0,13.0,24.0,VfB Stuttgart,Borussia Mgladbach
1390,6755,80,7.0,5.0,12.0,VfB Stuttgart,Borussia Mgladbach
1391,6755,111,1.0,0.0,1.0,VfB Stuttgart,Borussia Mgladbach
1392,6755,115,1.0,2.0,3.0,VfB Stuttgart,Borussia Mgladbach
1393,6755,117,2.0,1.0,3.0,VfB Stuttgart,Borussia Mgladbach
1394,6755,118,0.0,2.0,2.0,VfB Stuttgart,Borussia Mgladbach
1395,6755,156,1.0,3.0,4.0,VfB Stuttgart,Borussia Mgladbach
1396,6755,211,92.0,84.0,176.0,VfB Stuttgart,Borussia Mgladbach
1397,6755,212,3.0,3.0,6.0,VfB Stuttgart,Borussia Mgladbach
1398,6755,213,15.0,20.0,35.0,VfB Stuttgart,Borussia Mgladbach
1399,6755,214,1.0,0.0,1.0,VfB Stuttgart,Borussia Mgladbach
1400,6755,216,0.0,1.0,1.0,VfB Stuttgart,Borussia Mgladbach
1401,6755,218,43.0,55.0,98.0,VfB Stuttgart,Borussia Mgladbach
1402,6755,232,25.0,30.0,55.0,VfB Stuttgart,Borussia Mgladbach
1403,6755,247,332.0,487.0,819.0,VfB Stuttgart,Borussia Mgladbach
1404,6755,248,169.0,156.0,325.0,VfB Stuttgart,Borussia Mgladbach
1405,6755,260,4.0,2.0,6.0,VfB Stuttgart,Borussia Mgladbach
1406,6755,261,6.0,11.0,17.0,VfB Stuttgart,Borussia Mgladbach
1407,6755,262,4.0,5.0,9.0,VfB Stuttgart,Borussia Mgladbach
1408,6755,274,3.0,3.0,6.0,VfB Stuttgart,Borussia Mgladbach
1409,6755,275,11.0,7.0,18.0,VfB Stuttgart,Borussia Mgladbach
1410,6755,276,0.0,1.0,1.0,VfB Stuttgart,Borussia Mgladbach
1411,6755,320,9.0,0.0,9.0,VfB Stuttgart,Borussia Mgladbach
1412,6755,342,0.0,2.0,2.0,VfB Stuttgart,Borussia Mgladbach
1413,6755,343,2.0,3.0,5.0,VfB Stuttgart,Borussia Mgladbach
1414,6755,352,0.0,4.0,4.0,VfB Stuttgart,Borussia Mgladbach
1415,6755,353,4.0,0.0,4.0,VfB Stuttgart,Borussia Mgladbach
1416,6755,367,0.0,2.0,2.0,VfB Stuttgart,Borussia Mgladbach
1417,6755,371,29.0,33.0,62.0,VfB Stuttgart,Borussia Mgladbach
1418,6755,375,3.0,1.0,4.0,VfB Stuttgart,Borussia Mgladbach
1419,6756,1,0.0,2.0,2.0,Eintracht Frankfurt,Hertha BSC
1420,6756,2,2.0,6.0,8.0,Eintracht Frankfurt,Hertha BSC
1421,6756,3,4.0,4.0,8.0,Eintracht Frankfurt,Hertha BSC
1422,6756,4,9.0,7.0,16.0,Eintracht Frankfurt,Hertha BSC
1423,6756,6,4.0,11.0,15.0,Eintracht Frankfurt,Hertha BSC
1424,6756,7,32.0,30.0,62.0,Eintracht Frankfurt,Hertha BSC
1425,6756,10,2.0,3.0,5.0,Eintracht Frankfurt,Hertha BSC
1426,6756,11,5.0,3.0,8.0,Eintracht Frankfurt,Hertha BSC
1427,6756,12,4.0,10.0,14.0,Eintracht Frankfurt,Hertha BSC
1428,6756,13,2.0,3.0,5.0,Eintracht Frankfurt,Hertha BSC
1429,6756,15,4.0,2.0,6.0,Eintracht Frankfurt,Hertha BSC
1430,6756,17,5.0,9.0,14.0,Eintracht Frankfurt,Hertha BSC
1431,6756,18,11.0,11.0,22.0,Eintracht Frankfurt,Hertha BSC
1432,6756,19,17.0,6.0,23.0,Eintracht Frankfurt,Hertha BSC
1433,6756,21,1.0,0.0,1.0,Eintracht Frankfurt,Hertha BSC
1434,6756,22,17.0,14.0,31.0,Eintracht Frankfurt,Hertha BSC
1435,6756,23,3.0,8.0,11.0,Eintracht Frankfurt,Hertha BSC
1436,6756,30,32.0,31.0,63.0,Eintracht Frankfurt,Hertha BSC
1437,6756,31,3.0,6.0,9.0,Eintracht Frankfurt,Hertha BSC
1438,6756,32,5.0,4.0,9.0,Eintracht Frankfurt,Hertha BSC
1439,6756,33,1.0,2.0,3.0,Eintracht Frankfurt,Hertha BSC
1440,6756,52,1.0,0.0,1.0,Eintracht Frankfurt,Hertha BSC
1441,6756,62,4.0,2.0,6.0,Eintracht Frankfurt,Hertha BSC
1442,6756,63,1.0,0.0,1.0,Eintracht Frankfurt,Hertha BSC
1443,6756,64,5.0,1.0,6.0,Eintracht Frankfurt,Hertha BSC
1444,6756,65,1.0,3.0,4.0,Eintracht Frankfurt,Hertha BSC
1445,6756,75,4.0,1.0,5.0,Eintracht Frankfurt,Hertha BSC
1446,6756,79,20.0,27.0,47.0,Eintracht Frankfurt,Hertha BSC
1447,6756,80,10.0,14.0,24.0,Eintracht Frankfurt,Hertha BSC
1448,6756,115,1.0,2.0,3.0,Eintracht Frankfurt,Hertha BSC
1449,6756,117,2.0,0.0,2.0,Eintracht Frankfurt,Hertha BSC
1450,6756,118,1.0,1.0,2.0,Eintracht Frankfurt,Hertha BSC
1451,6756,156,0.0,2.0,2.0,Eintracht Frankfurt,Hertha BSC
1452,6756,211,72.0,74.0,146.0,Eintracht Frankfurt,Hertha BSC
1453,6756,212,2.0,3.0,5.0,Eintracht Frankfurt,Hertha BSC
1454,6756,213,20.0,38.0,58.0,Eintracht Frankfurt,Hertha BSC
1455,6756,214,3.0,3.0,6.0,Eintracht Frankfurt,Hertha BSC
1456,6756,218,70.0,88.0,158.0,Eintracht Frankfurt,Hertha BSC
1457,6756,232,16.0,29.0,45.0,Eintracht Frankfurt,Hertha BSC
1458,6756,247,377.0,368.0,745.0,Eintracht Frankfurt,Hertha BSC
1459,6756,248,182.0,172.0,354.0,Eintracht Frankfurt,Hertha BSC
1460,6756,260,3.0,2.0,5.0,Eintracht Frankfurt,Hertha BSC
1461,6756,261,18.0,14.0,32.0,Eintracht Frankfurt,Hertha BSC
1462,6756,262,5.0,4.0,9.0,Eintracht Frankfurt,Hertha BSC
1463,6756,274,3.0,4.0,7.0,Eintracht Frankfurt,Hertha BSC
1464,6756,275,11.0,11.0,22.0,Eintracht Frankfurt,Hertha BSC
1465,6756,276,0.0,1.0,1.0,Eintracht Frankfurt,Hertha BSC
1466,6756,320,4.0,0.0,4.0,Eintracht Frankfurt,Hertha BSC
1467,6756,342,0.0,2.0,2.0,Eintracht Frankfurt,Hertha BSC
1468,6756,343,2.0,5.0,7.0,Eintracht Frankfurt,Hertha BSC
1469,6756,352,1.0,1.0,2.0,Eintracht Frankfurt,Hertha BSC
1470,6756,353,2.0,0.0,2.0,Eintracht Frankfurt,Hertha BSC
1471,6756,367,0.0,1.0,1.0,Eintracht Frankfurt,Hertha BSC
1472,6756,371,32.0,22.0,54.0,Eintracht Frankfurt,Hertha BSC
1473,6756,375,6.0,3.0,9.0,Eintracht Frankfurt,Hertha BSC
1474,6765,1,1.0,2.0,3.0,Borussia Mgladbach,VfL Wolfsburg
1475,6765,2,13.0,7.0,20.0,Borussia Mgladbach,VfL Wolfsburg
1476,6765,3,5.0,1.0,6.0,Borussia Mgladbach,VfL Wolfsburg
1477,6765,4,6.0,6.0,12.0,Borussia Mgladbach,VfL Wolfsburg
1478,6765,6,3.0,11.0,14.0,Borussia Mgladbach,VfL Wolfsburg
1479,6765,7,19.0,19.0,38.0,Borussia Mgladbach,VfL Wolfsburg
1480,6765,10,3.0,2.0,5.0,Borussia Mgladbach,VfL Wolfsburg
1481,6765,11,7.0,4.0,11.0,Borussia Mgladbach,VfL Wolfsburg
1482,6765,12,2.0,6.0,8.0,Borussia Mgladbach,VfL Wolfsburg
1483,6765,13,1.0,3.0,4.0,Borussia Mgladbach,VfL Wolfsburg
1484,6765,15,70.0,98.0,168.0,Borussia Mgladbach,VfL Wolfsburg
1485,6765,17,11.0,17.0,28.0,Borussia Mgladbach,VfL Wolfsburg
1486,6765,18,21.0,19.0,40.0,Borussia Mgladbach,VfL Wolfsburg
1487,6765,19,42.0,17.0,59.0,Borussia Mgladbach,VfL Wolfsburg
1488,6765,21,2.0,0.0,2.0,Borussia Mgladbach,VfL Wolfsburg
1489,6765,22,15.0,13.0,28.0,Borussia Mgladbach,VfL Wolfsburg
1490,6765,23,6.0,1.0,7.0,Borussia Mgladbach,VfL Wolfsburg
1491,6765,30,64.0,47.0,111.0,Borussia Mgladbach,VfL Wolfsburg
1492,6765,31,6.0,3.0,9.0,Borussia Mgladbach,VfL Wolfsburg
1493,6765,32,0.0,2.0,2.0,Borussia Mgladbach,VfL Wolfsburg
1494,6765,33,2.0,1.0,3.0,Borussia Mgladbach,VfL Wolfsburg
1495,6765,52,1.0,0.0,1.0,Borussia Mgladbach,VfL Wolfsburg
1496,6765,63,1.0,1.0,2.0,Borussia Mgladbach,VfL Wolfsburg
1497,6765,64,0.0,1.0,1.0,Borussia Mgladbach,VfL Wolfsburg
1498,6765,65,3.0,1.0,4.0,Borussia Mgladbach,VfL Wolfsburg
1499,6765,75,7.0,3.0,10.0,Borussia Mgladbach,VfL Wolfsburg
1500,6765,79,2.0,25.0,27.0,Borussia Mgladbach,VfL Wolfsburg
1501,6765,80,2.0,6.0,8.0,Borussia Mgladbach,VfL Wolfsburg
1502,6765,91,1.0,0.0,1.0,Borussia Mgladbach,VfL Wolfsburg
1503,6765,115,3.0,1.0,4.0,Borussia Mgladbach,VfL Wolfsburg
1504,6765,116,1.0,0.0,1.0,Borussia Mgladbach,VfL Wolfsburg
1505,6765,117,2.0,0.0,2.0,Borussia Mgladbach,VfL Wolfsburg
1506,6765,118,1.0,0.0,1.0,Borussia Mgladbach,VfL Wolfsburg
1507,6765,156,1.0,2.0,3.0,Borussia Mgladbach,VfL Wolfsburg
1508,6765,211,67.0,85.0,152.0,Borussia Mgladbach,VfL Wolfsburg
1509,6765,212,3.0,3.0,6.0,Borussia Mgladbach,VfL Wolfsburg
1510,6765,213,24.0,35.0,59.0,Borussia Mgladbach,VfL Wolfsburg
1511,6765,218,36.0,30.0,66.0,Borussia Mgladbach,VfL Wolfsburg
1512,6765,232,27.0,11.0,38.0,Borussia Mgladbach,VfL Wolfsburg
1513,6765,247,615.0,463.0,1078.0,Borussia Mgladbach,VfL Wolfsburg
1514,6765,248,131.0,150.0,281.0,Borussia Mgladbach,VfL Wolfsburg
1515,6765,260,3.0,1.0,4.0,Borussia Mgladbach,VfL Wolfsburg
1516,6765,261,16.0,13.0,29.0,Borussia Mgladbach,VfL Wolfsburg
1517,6765,262,2.0,4.0,6.0,Borussia Mgladbach,VfL Wolfsburg
1518,6765,274,3.0,1.0,4.0,Borussia Mgladbach,VfL Wolfsburg
1519,6765,275,6.0,3.0,9.0,Borussia Mgladbach,VfL Wolfsburg
1520,6765,276,1.0,0.0,1.0,Borussia Mgladbach,VfL Wolfsburg
1521,6765,320,2.0,2.0,4.0,Borussia Mgladbach,VfL Wolfsburg
1522,6765,342,1.0,2.0,3.0,Borussia Mgladbach,VfL Wolfsburg
1523,6765,343,0.0,3.0,3.0,Borussia Mgladbach,VfL Wolfsburg
1524,6765,352,1.0,2.0,3.0,Borussia Mgladbach,VfL Wolfsburg
1525,6765,353,2.0,1.0,3.0,Borussia Mgladbach,VfL Wolfsburg
1526,6765,367,1.0,0.0,1.0,Borussia Mgladbach,VfL Wolfsburg
1527,6765,371,24.0,21.0,45.0,Borussia Mgladbach,VfL Wolfsburg
1528,6765,375,3.0,1.0,4.0,Borussia Mgladbach,VfL Wolfsburg
1529,6770,1,1.0,1.0,2.0,FC Ingolstadt 04,Eintracht Frankfurt
1530,6770,2,5.0,14.0,19.0,FC Ingolstadt 04,Eintracht Frankfurt
1531,6770,3,4.0,2.0,6.0,FC Ingolstadt 04,Eintracht Frankfurt
1532,6770,4,2.0,13.0,15.0,FC Ingolstadt 04,Eintracht Frankfurt
1533,6770,6,0.0,8.0,8.0,FC Ingolstadt 04,Eintracht Frankfurt
1534,6770,7,56.0,62.0,118.0,FC Ingolstadt 04,Eintracht Frankfurt
1535,6770,10,6.0,5.0,11.0,FC Ingolstadt 04,Eintracht Frankfurt
1536,6770,11,6.0,2.0,8.0,FC Ingolstadt 04,Eintracht Frankfurt
1537,6770,12,6.0,0.0,6.0,FC Ingolstadt 04,Eintracht Frankfurt
1538,6770,13,8.0,2.0,10.0,FC Ingolstadt 04,Eintracht Frankfurt
1539,6770,15,121.0,98.0,219.0,FC Ingolstadt 04,Eintracht Frankfurt
1540,6770,17,36.0,12.0,48.0,FC Ingolstadt 04,Eintracht Frankfurt
1541,6770,18,15.0,16.0,31.0,FC Ingolstadt 04,Eintracht Frankfurt
1542,6770,19,16.0,43.0,59.0,FC Ingolstadt 04,Eintracht Frankfurt
1543,6770,20,1.0,0.0,1.0,FC Ingolstadt 04,Eintracht Frankfurt
1544,6770,21,1.0,2.0,3.0,FC Ingolstadt 04,Eintracht Frankfurt
1545,6770,22,20.0,23.0,43.0,FC Ingolstadt 04,Eintracht Frankfurt
1546,6770,23,7.0,13.0,20.0,FC Ingolstadt 04,Eintracht Frankfurt
1547,6770,30,33.0,62.0,95.0,FC Ingolstadt 04,Eintracht Frankfurt
1548,6770,31,6.0,3.0,9.0,FC Ingolstadt 04,Eintracht Frankfurt
1549,6770,32,0.0,1.0,1.0,FC Ingolstadt 04,Eintracht Frankfurt
1550,6770,33,3.0,6.0,9.0,FC Ingolstadt 04,Eintracht Frankfurt
1551,6770,52,0.0,1.0,1.0,FC Ingolstadt 04,Eintracht Frankfurt
1552,6770,63,0.0,1.0,1.0,FC Ingolstadt 04,Eintracht Frankfurt
1553,6770,64,0.0,4.0,4.0,FC Ingolstadt 04,Eintracht Frankfurt
1554,6770,65,0.0,3.0,3.0,FC Ingolstadt 04,Eintracht Frankfurt
1555,6770,75,4.0,2.0,6.0,FC Ingolstadt 04,Eintracht Frankfurt
1556,6770,79,26.0,18.0,44.0,FC Ingolstadt 04,Eintracht Frankfurt
1557,6770,80,9.0,7.0,16.0,FC Ingolstadt 04,Eintracht Frankfurt
1558,6770,91,2.0,0.0,2.0,FC Ingolstadt 04,Eintracht Frankfurt
1559,6770,99,0.0,1.0,1.0,FC Ingolstadt 04,Eintracht Frankfurt
1560,6770,111,0.0,2.0,2.0,FC Ingolstadt 04,Eintracht Frankfurt
1561,6770,115,0.0,1.0,1.0,FC Ingolstadt 04,Eintracht Frankfurt
1562,6770,116,0.0,1.0,1.0,FC Ingolstadt 04,Eintracht Frankfurt
1563,6770,117,2.0,1.0,3.0,FC Ingolstadt 04,Eintracht Frankfurt
1564,6770,118,3.0,2.0,5.0,FC Ingolstadt 04,Eintracht Frankfurt
1565,6770,156,1.0,1.0,2.0,FC Ingolstadt 04,Eintracht Frankfurt
1566,6770,163,0.0,1.0,1.0,FC Ingolstadt 04,Eintracht Frankfurt
1567,6770,211,85.0,79.0,164.0,FC Ingolstadt 04,Eintracht Frankfurt
1568,6770,212,3.0,2.0,5.0,FC Ingolstadt 04,Eintracht Frankfurt
1569,6770,213,6.0,23.0,29.0,FC Ingolstadt 04,Eintracht Frankfurt
1570,6770,214,0.0,3.0,3.0,FC Ingolstadt 04,Eintracht Frankfurt
1571,6770,218,91.0,100.0,191.0,FC Ingolstadt 04,Eintracht Frankfurt
1572,6770,232,41.0,22.0,63.0,FC Ingolstadt 04,Eintracht Frankfurt
1573,6770,247,191.0,417.0,608.0,FC Ingolstadt 04,Eintracht Frankfurt
1574,6770,248,181.0,194.0,375.0,FC Ingolstadt 04,Eintracht Frankfurt
1575,6770,260,2.0,8.0,10.0,FC Ingolstadt 04,Eintracht Frankfurt
1576,6770,261,24.0,22.0,46.0,FC Ingolstadt 04,Eintracht Frankfurt
1577,6770,262,3.0,14.0,17.0,FC Ingolstadt 04,Eintracht Frankfurt
1578,6770,274,5.0,2.0,7.0,FC Ingolstadt 04,Eintracht Frankfurt
1579,6770,275,11.0,4.0,15.0,FC Ingolstadt 04,Eintracht Frankfurt
1580,6770,276,1.0,1.0,2.0,FC Ingolstadt 04,Eintracht Frankfurt
1581,6770,320,2.0,1.0,3.0,FC Ingolstadt 04,Eintracht Frankfurt
1582,6770,342,0.0,1.0,1.0,FC Ingolstadt 04,Eintracht Frankfurt
1583,6770,343,1.0,1.0,2.0,FC Ingolstadt 04,Eintracht Frankfurt
1584,6770,352,1.0,1.0,2.0,FC Ingolstadt 04,Eintracht Frankfurt
1585,6770,353,2.0,0.0,2.0,FC Ingolstadt 04,Eintracht Frankfurt
1586,6770,367,0.0,1.0,1.0,FC Ingolstadt 04,Eintracht Frankfurt
1587,6770,371,30.0,29.0,59.0,FC Ingolstadt 04,Eintracht Frankfurt
1588,6770,375,3.0,0.0,3.0,FC Ingolstadt 04,Eintracht Frankfurt
